AccusedMasterID,CaseMasterID,AccusedName,AgeYear,GenderID,PersonID
1,1,ACC-A,31,3,A1
2,1,ACC-B,17,3,A2
3,2,ACC-C,57,3,A1
4,2,ACC-D,31,3,A2
5,3,ACC-E,12,1,A1
6,4,ACC-F,42,1,A1
7,5,ACC-G,52,2,A1
8,6,ACC-H,15,3,A1
9,6,ACC-I,61,3,A2
10,7,ACC-J,17,3,A1
11,7,ACC-K,47,1,A2
12,8,ACC-L,46,3,A1
13,8,ACC-M,38,1,A2
14,9,ACC-N,69,2,A1
15,10,ACC-O,16,3,A1
16,11,ACC-P,68,1,A1
17,11,ACC-Q,62,1,A2
18,12,ACC-R,15,3,A1
19,12,ACC-S,28,1,A2
20,13,ACC-T,34,3,A1
21,13,ACC-U,14,3,A2
22,14,ACC-V,31,2,A1
23,15,ACC-W,32,1,A1
24,16,ACC-X,26,3,A1
25,17,ACC-Y,74,3,A1
26,18,ACC-Z,57,2,A1
27,18,ACC-AA,24,2,A2
28,18,ACC-AB,32,2,A3
29,18,ACC-AC,55,1,A4
30,19,ACC-AD,38,2,A1
31,20,ACC-AE,46,2,A1
32,20,ACC-AF,57,2,A2
33,21,ACC-AG,25,3,A1
34,21,ACC-AH,64,3,A2
35,21,ACC-AI,16,3,A3
36,22,ACC-AJ,57,3,A1
37,22,ACC-AK,30,2,A2
38,23,ACC-AL,33,2,A1
39,24,ACC-AM,58,3,A1
40,24,ACC-AN,65,3,A2
41,25,ACC-AO,49,1,A1
42,26,ACC-AP,70,2,A1
43,26,ACC-AQ,62,3,A2
44,26,ACC-AR,31,2,A3
45,27,ACC-AS,62,3,A1
46,28,ACC-AT,18,1,A1
47,29,ACC-AU,56,2,A1
48,30,ACC-AV,65,2,A1
49,31,ACC-AW,22,3,A1
50,31,ACC-AX,18,2,A2
51,32,ACC-AY,68,2,A1
52,33,ACC-AZ,47,2,A1
53,34,ACC-BA,61,3,A1
54,35,ACC-BB,67,1,A1
55,36,ACC-BC,43,1,A1
56,36,ACC-BD,60,2,A2
57,37,ACC-BE,56,1,A1
58,38,ACC-BF,39,3,A1
59,39,ACC-BG,41,2,A1
60,40,ACC-BH,12,1,A1
61,40,ACC-BI,31,3,A2
62,41,ACC-BJ,62,1,A1
63,42,ACC-BK,26,1,A1
64,42,ACC-BL,67,1,A2
65,42,ACC-BM,50,3,A3
66,43,ACC-BN,18,1,A1
67,43,ACC-BO,27,3,A2
68,44,ACC-BP,62,1,A1
69,44,ACC-BQ,30,2,A2
70,45,ACC-BR,14,1,A1
71,45,ACC-BS,40,2,A2
72,46,ACC-BT,64,3,A1
73,47,ACC-BU,34,3,A1
74,47,ACC-BV,26,2,A2
75,48,ACC-BW,18,3,A1
76,48,ACC-BX,69,2,A2
77,49,ACC-BY,52,1,A1
78,50,ACC-BZ,38,2,A1
79,50,ACC-CA,39,1,A2
80,51,ACC-CB,34,2,A1
81,52,ACC-CC,48,2,A1
82,53,ACC-CD,15,2,A1
83,53,ACC-CE,58,1,A2
84,53,ACC-CF,24,3,A3
85,54,ACC-CG,50,2,A1
86,55,ACC-CH,25,2,A1
87,55,ACC-CI,34,3,A2
88,55,ACC-CJ,19,3,A3
89,55,ACC-CK,74,2,A4
90,56,ACC-CL,53,3,A1
91,56,ACC-CM,60,3,A2
92,57,ACC-CN,22,3,A1
93,58,ACC-CO,16,2,A1
94,59,ACC-CP,12,1,A1
95,60,ACC-CQ,24,1,A1
96,61,ACC-CR,20,1,A1
97,62,ACC-CS,25,3,A1
98,63,ACC-CT,56,1,A1
99,63,ACC-CU,40,2,A2
100,64,ACC-CV,70,1,A1
101,64,ACC-CW,22,3,A2
102,64,ACC-CX,60,3,A3
103,64,ACC-CY,23,2,A4
104,65,ACC-CZ,44,3,A1
105,66,ACC-DA,60,3,A1
106,66,ACC-DB,15,1,A2
107,67,ACC-DC,35,3,A1
108,67,ACC-DD,27,1,A2
109,68,ACC-DE,19,3,A1
110,68,ACC-DF,47,1,A2
111,68,ACC-DG,62,1,A3
112,69,ACC-DH,15,2,A1
113,69,ACC-DI,46,2,A2
114,69,ACC-DJ,53,2,A3
115,70,ACC-DK,25,2,A1
116,70,ACC-DL,23,2,A2
117,70,ACC-DM,61,1,A3
118,70,ACC-DN,67,3,A4
119,71,ACC-DO,48,3,A1
120,72,ACC-DP,48,2,A1
121,72,ACC-DQ,56,3,A2
122,73,ACC-DR,52,1,A1
123,74,ACC-DS,55,1,A1
124,75,ACC-DT,29,1,A1
125,76,ACC-DU,40,3,A1
126,77,ACC-DV,20,3,A1
127,78,ACC-DW,25,1,A1
128,79,ACC-DX,66,3,A1
129,80,ACC-DY,72,2,A1
130,80,ACC-DZ,75,1,A2
131,81,ACC-EA,35,1,A1
132,82,ACC-EB,70,1,A1
133,83,ACC-EC,23,2,A1
134,83,ACC-ED,38,2,A2
135,83,ACC-EE,27,1,A3
136,84,ACC-EF,62,1,A1
137,84,ACC-EG,18,3,A2
138,84,ACC-EH,18,3,A3
139,85,ACC-EI,32,1,A1
140,85,ACC-EJ,46,3,A2
141,86,ACC-EK,68,2,A1
142,86,ACC-EL,69,3,A2
143,86,ACC-EM,52,1,A3
144,86,ACC-EN,20,2,A4
145,87,ACC-EO,42,3,A1
146,88,ACC-EP,42,3,A1
147,89,ACC-EQ,31,1,A1
148,90,ACC-ER,59,2,A1
149,91,ACC-ES,30,1,A1
150,92,ACC-ET,39,3,A1
151,93,ACC-EU,30,3,A1
152,94,ACC-EV,25,2,A1
153,94,ACC-EW,53,2,A2
154,94,ACC-EX,33,2,A3
155,95,ACC-EY,60,1,A1
156,95,ACC-EZ,19,1,A2
157,96,ACC-FA,38,3,A1
158,97,ACC-FB,18,2,A1
159,97,ACC-FC,27,2,A2
160,98,ACC-FD,13,1,A1
161,98,ACC-FE,70,3,A2
162,99,ACC-FF,35,3,A1
163,100,ACC-FG,56,3,A1
164,100,ACC-FH,57,3,A2
165,100,ACC-FI,63,1,A3
166,100,ACC-FJ,16,1,A4
167,101,ACC-FK,69,3,A1
168,102,ACC-FL,66,3,A1
169,102,ACC-FM,19,1,A2
170,103,ACC-FN,71,2,A1
171,103,ACC-FO,23,1,A2
172,104,ACC-FP,18,3,A1
173,104,ACC-FQ,22,2,A2
174,104,ACC-FR,56,3,A3
175,105,ACC-FS,14,1,A1
176,105,ACC-FT,51,1,A2
177,106,ACC-FU,22,1,A1
178,107,ACC-FV,74,2,A1
179,107,ACC-FW,14,2,A2
180,107,ACC-FX,60,2,A3
181,108,ACC-FY,24,3,A1
182,108,ACC-FZ,33,3,A2
183,109,ACC-GA,66,2,A1
184,109,ACC-GB,62,2,A2
185,109,ACC-GC,60,2,A3
186,109,ACC-GD,27,2,A4
187,110,ACC-GE,25,1,A1
188,110,ACC-GF,28,1,A2
189,111,ACC-GG,41,3,A1
190,111,ACC-GH,60,2,A2
191,112,ACC-GI,18,2,A1
192,113,ACC-GJ,73,2,A1
193,113,ACC-GK,34,1,A2
194,114,ACC-GL,44,2,A1
195,114,ACC-GM,65,3,A2
196,115,ACC-GN,62,1,A1
197,116,ACC-GO,36,1,A1
198,117,ACC-GP,67,3,A1
199,118,ACC-GQ,23,2,A1
200,118,ACC-GR,58,3,A2
201,118,ACC-GS,21,1,A3
202,119,ACC-GT,71,3,A1
203,120,ACC-GU,39,2,A1
204,120,ACC-GV,47,2,A2
205,121,ACC-GW,55,1,A1
206,121,ACC-GX,63,2,A2
207,122,ACC-GY,27,2,A1
208,123,ACC-GZ,48,2,A1
209,124,ACC-HA,62,2,A1
210,124,ACC-HB,63,2,A2
211,125,ACC-HC,14,2,A1
212,126,ACC-HD,41,3,A1
213,127,ACC-HE,30,2,A1
214,128,ACC-HF,21,3,A1
215,129,ACC-HG,64,1,A1
216,130,ACC-HH,44,3,A1
217,131,ACC-HI,35,1,A1
218,131,ACC-HJ,49,3,A2
219,131,ACC-HK,12,2,A3
220,132,ACC-HL,16,3,A1
221,133,ACC-HM,24,3,A1
222,133,ACC-HN,53,2,A2
223,133,ACC-HO,46,3,A3
224,134,ACC-HP,50,1,A1
225,134,ACC-HQ,75,1,A2
226,134,ACC-HR,40,3,A3
227,135,ACC-HS,15,2,A1
228,135,ACC-HT,39,1,A2
229,136,ACC-HU,36,2,A1
230,137,ACC-HV,66,2,A1
231,138,ACC-HW,50,1,A1
232,139,ACC-HX,48,3,A1
233,140,ACC-HY,52,3,A1
234,141,ACC-HZ,15,3,A1
235,142,ACC-IA,15,2,A1
236,143,ACC-IB,67,1,A1
237,143,ACC-IC,69,2,A2
238,144,ACC-ID,58,1,A1
239,144,ACC-IE,37,2,A2
240,145,ACC-IF,63,2,A1
241,146,ACC-IG,12,2,A1
242,147,ACC-IH,31,2,A1
243,147,ACC-II,16,2,A2
244,148,ACC-IJ,22,3,A1
245,148,ACC-IK,55,1,A2
246,148,ACC-IL,47,2,A3
247,149,ACC-IM,35,1,A1
248,149,ACC-IN,41,1,A2
249,150,ACC-IO,37,2,A1
250,150,ACC-IP,17,3,A2
251,150,ACC-IQ,40,1,A3
252,151,ACC-IR,24,2,A1
253,152,ACC-IS,45,1,A1
254,153,ACC-IT,16,2,A1
255,154,ACC-IU,32,2,A1
256,155,ACC-IV,20,1,A1
257,155,ACC-IW,61,3,A2
258,156,ACC-IX,56,1,A1
259,156,ACC-IY,25,2,A2
260,157,ACC-IZ,52,3,A1
261,157,ACC-JA,75,3,A2
262,158,ACC-JB,49,2,A1
263,158,ACC-JC,29,1,A2
264,158,ACC-JD,38,3,A3
265,159,ACC-JE,14,3,A1
266,159,ACC-JF,58,2,A2
267,160,ACC-JG,57,3,A1
268,161,ACC-JH,70,1,A1
269,161,ACC-JI,52,1,A2
270,162,ACC-JJ,29,2,A1
271,163,ACC-JK,57,3,A1
272,163,ACC-JL,31,2,A2
273,164,ACC-JM,68,1,A1
274,164,ACC-JN,44,3,A2
275,165,ACC-JO,70,3,A1
276,166,ACC-JP,59,2,A1
277,166,ACC-JQ,59,1,A2
278,167,ACC-JR,13,2,A1
279,167,ACC-JS,13,3,A2
280,167,ACC-JT,42,2,A3
281,167,ACC-JU,24,2,A4
282,168,ACC-JV,60,2,A1
283,168,ACC-JW,44,3,A2
284,169,ACC-JX,23,1,A1
285,170,ACC-JY,12,3,A1
286,170,ACC-JZ,26,2,A2
287,171,ACC-KA,23,3,A1
288,172,ACC-KB,41,2,A1
289,172,ACC-KC,37,2,A2
290,172,ACC-KD,75,3,A3
291,173,ACC-KE,44,2,A1
292,173,ACC-KF,18,3,A2
293,174,ACC-KG,55,1,A1
294,174,ACC-KH,65,1,A2
295,175,ACC-KI,71,1,A1
296,176,ACC-KJ,31,2,A1
297,176,ACC-KK,51,2,A2
298,176,ACC-KL,47,1,A3
299,177,ACC-KM,38,3,A1
300,177,ACC-KN,41,2,A2
301,177,ACC-KO,58,3,A3
302,177,ACC-KP,21,1,A4
303,178,ACC-KQ,29,1,A1
304,179,ACC-KR,56,1,A1
305,180,ACC-KS,47,3,A1
306,181,ACC-KT,15,2,A1
307,182,ACC-KU,50,1,A1
308,182,ACC-KV,66,2,A2
309,182,ACC-KW,45,3,A3
310,183,ACC-KX,45,1,A1
311,183,ACC-KY,46,1,A2
312,184,ACC-KZ,23,1,A1
313,185,ACC-LA,34,2,A1
314,186,ACC-LB,34,1,A1
315,187,ACC-LC,13,3,A1
316,187,ACC-LD,43,1,A2
317,188,ACC-LE,21,2,A1
318,188,ACC-LF,72,3,A2
319,188,ACC-LG,24,2,A3
320,189,ACC-LH,55,1,A1
321,190,ACC-LI,52,2,A1
322,191,ACC-LJ,20,1,A1
323,192,ACC-LK,54,1,A1
324,193,ACC-LL,56,1,A1
325,194,ACC-LM,41,2,A1
326,195,ACC-LN,16,2,A1
327,195,ACC-LO,31,2,A2
328,196,ACC-LP,30,1,A1
329,196,ACC-LQ,60,1,A2
330,197,ACC-LR,61,2,A1
331,197,ACC-LS,57,3,A2
332,197,ACC-LT,67,1,A3
333,198,ACC-LU,44,2,A1
334,198,ACC-LV,29,3,A2
335,198,ACC-LW,49,3,A3
336,199,ACC-LX,12,3,A1
337,200,ACC-LY,47,2,A1
338,201,ACC-LZ,13,3,A1
339,202,ACC-MA,33,1,A1
340,203,ACC-MB,75,2,A1
341,204,ACC-MC,58,2,A1
342,204,ACC-MD,65,2,A2
343,205,ACC-ME,21,2,A1
344,206,ACC-MF,37,2,A1
345,206,ACC-MG,67,3,A2
346,207,ACC-MH,64,1,A1
347,207,ACC-MI,56,2,A2
348,208,ACC-MJ,33,1,A1
349,209,ACC-MK,66,1,A1
350,209,ACC-ML,48,3,A2
351,209,ACC-MM,27,3,A3
352,210,ACC-MN,13,3,A1
353,210,ACC-MO,59,1,A2
354,211,ACC-MP,42,3,A1
355,212,ACC-MQ,21,3,A1
356,212,ACC-MR,42,2,A2
357,212,ACC-MS,16,2,A3
358,213,ACC-MT,14,3,A1
359,214,ACC-MU,12,3,A1
360,214,ACC-MV,70,1,A2
361,215,ACC-MW,24,2,A1
362,215,ACC-MX,33,3,A2
363,216,ACC-MY,15,3,A1
364,217,ACC-MZ,73,1,A1
365,218,ACC-NA,47,3,A1
366,219,ACC-NB,70,2,A1
367,220,ACC-NC,19,2,A1
368,221,ACC-ND,31,2,A1
369,222,ACC-NE,14,1,A1
370,223,ACC-NF,61,1,A1
371,224,ACC-NG,69,1,A1
372,225,ACC-NH,60,3,A1
373,225,ACC-NI,53,2,A2
374,226,ACC-NJ,64,1,A1
375,227,ACC-NK,50,2,A1
376,227,ACC-NL,74,2,A2
377,228,ACC-NM,44,2,A1
378,229,ACC-NN,49,1,A1
379,230,ACC-NO,35,2,A1
380,231,ACC-NP,67,1,A1
381,231,ACC-NQ,32,1,A2
382,232,ACC-NR,60,1,A1
383,233,ACC-NS,30,1,A1
384,233,ACC-NT,54,2,A2
385,234,ACC-NU,40,2,A1
386,235,ACC-NV,16,1,A1
387,236,ACC-NW,16,3,A1
388,237,ACC-NX,61,3,A1
389,238,ACC-NY,69,1,A1
390,239,ACC-NZ,45,3,A1
391,240,ACC-OA,40,1,A1
392,240,ACC-OB,59,1,A2
393,240,ACC-OC,58,3,A3
394,241,ACC-OD,22,3,A1
395,241,ACC-OE,21,2,A2
396,242,ACC-OF,66,1,A1
397,242,ACC-OG,57,2,A2
398,242,ACC-OH,48,2,A3
399,243,ACC-OI,41,2,A1
400,244,ACC-OJ,42,1,A1
401,244,ACC-OK,38,2,A2
402,244,ACC-OL,25,3,A3
403,245,ACC-OM,39,2,A1
404,246,ACC-ON,24,2,A1
405,247,ACC-OO,29,3,A1
406,247,ACC-OP,74,3,A2
407,248,ACC-OQ,17,1,A1
408,248,ACC-OR,12,1,A2
409,249,ACC-OS,44,2,A1
410,249,ACC-OT,40,3,A2
411,249,ACC-OU,49,3,A3
412,250,ACC-OV,42,3,A1
413,250,ACC-OW,48,2,A2
414,251,ACC-OX,69,2,A1
415,252,ACC-OY,13,3,A1
416,252,ACC-OZ,17,2,A2
417,253,ACC-PA,49,2,A1
418,253,ACC-PB,59,3,A2
419,254,ACC-PC,48,3,A1
420,255,ACC-PD,15,3,A1
421,255,ACC-PE,48,1,A2
422,256,ACC-PF,66,2,A1
423,257,ACC-PG,24,3,A1
424,258,ACC-PH,57,3,A1
425,258,ACC-PI,63,2,A2
426,258,ACC-PJ,24,3,A3
427,259,ACC-PK,14,1,A1
428,259,ACC-PL,40,1,A2
429,259,ACC-PM,41,1,A3
430,260,ACC-PN,13,2,A1
431,261,ACC-PO,57,3,A1
432,262,ACC-PP,28,2,A1
433,263,ACC-PQ,37,2,A1
434,263,ACC-PR,55,1,A2
435,264,ACC-PS,52,3,A1
436,265,ACC-PT,32,3,A1
437,266,ACC-PU,23,1,A1
438,267,ACC-PV,56,1,A1
439,268,ACC-PW,20,1,A1
440,269,ACC-PX,45,2,A1
441,270,ACC-PY,47,2,A1
442,271,ACC-PZ,43,1,A1
443,271,ACC-QA,38,1,A2
444,271,ACC-QB,38,3,A3
445,272,ACC-QC,28,1,A1
446,272,ACC-QD,39,3,A2
447,273,ACC-QE,41,3,A1
448,274,ACC-QF,25,2,A1
449,275,ACC-QG,63,1,A1
450,275,ACC-QH,21,1,A2
451,276,ACC-QI,41,2,A1
452,277,ACC-QJ,33,1,A1
453,277,ACC-QK,27,3,A2
454,277,ACC-QL,43,3,A3
455,278,ACC-QM,34,1,A1
456,278,ACC-QN,23,1,A2
457,278,ACC-QO,15,3,A3
458,279,ACC-QP,72,3,A1
459,279,ACC-QQ,26,2,A2
460,279,ACC-QR,45,1,A3
461,279,ACC-QS,16,3,A4
462,280,ACC-QT,34,1,A1
463,280,ACC-QU,23,3,A2
464,281,ACC-QV,61,3,A1
465,281,ACC-QW,36,2,A2
466,281,ACC-QX,20,3,A3
467,281,ACC-QY,54,1,A4
468,282,ACC-QZ,35,1,A1
469,283,ACC-RA,56,3,A1
470,284,ACC-RB,22,1,A1
471,284,ACC-RC,25,3,A2
472,284,ACC-RD,49,3,A3
473,284,ACC-RE,60,2,A4
474,285,ACC-RF,73,1,A1
475,286,ACC-RG,33,1,A1
476,286,ACC-RH,42,1,A2
477,287,ACC-RI,66,2,A1
478,287,ACC-RJ,62,1,A2
479,287,ACC-RK,44,3,A3
480,288,ACC-RL,75,1,A1
481,289,ACC-RM,31,3,A1
482,290,ACC-RN,21,3,A1
483,291,ACC-RO,70,1,A1
484,291,ACC-RP,37,3,A2
485,291,ACC-RQ,27,2,A3
486,292,ACC-RR,19,2,A1
487,293,ACC-RS,49,3,A1
488,294,ACC-RT,63,3,A1
489,295,ACC-RU,59,3,A1
490,296,ACC-RV,27,3,A1
491,296,ACC-RW,56,1,A2
492,297,ACC-RX,50,1,A1
493,298,ACC-RY,63,1,A1
494,298,ACC-RZ,71,1,A2
495,299,ACC-SA,34,3,A1
496,300,ACC-SB,68,2,A1
497,300,ACC-SC,17,1,A2
498,300,ACC-SD,38,1,A3
499,300,ACC-SE,42,1,A4
500,301,ACC-SF,45,2,A1
501,302,ACC-SG,47,2,A1
502,302,ACC-SH,47,1,A2
503,303,ACC-SI,40,2,A1
504,304,ACC-SJ,60,1,A1
505,304,ACC-SK,38,3,A2
506,305,ACC-SL,72,1,A1
507,306,ACC-SM,47,3,A1
508,306,ACC-SN,40,3,A2
509,306,ACC-SO,25,2,A3
510,306,ACC-SP,31,3,A4
511,307,ACC-SQ,68,2,A1
512,307,ACC-SR,59,3,A2
513,308,ACC-SS,62,2,A1
514,309,ACC-ST,45,1,A1
515,310,ACC-SU,35,1,A1
516,310,ACC-SV,27,1,A2
517,310,ACC-SW,69,3,A3
518,311,ACC-SX,50,3,A1
519,311,ACC-SY,23,1,A2
520,312,ACC-SZ,36,2,A1
521,312,ACC-TA,57,3,A2
522,312,ACC-TB,14,3,A3
523,313,ACC-TC,25,1,A1
524,314,ACC-TD,68,2,A1
525,314,ACC-TE,74,2,A2
526,314,ACC-TF,21,3,A3
527,314,ACC-TG,70,1,A4
528,315,ACC-TH,28,3,A1
529,316,ACC-TI,12,2,A1
530,317,ACC-TJ,67,1,A1
531,318,ACC-TK,52,1,A1
532,319,ACC-TL,41,1,A1
533,320,ACC-TM,64,2,A1
534,320,ACC-TN,62,1,A2
535,320,ACC-TO,41,2,A3
536,320,ACC-TP,68,2,A4
537,321,ACC-TQ,28,1,A1
538,322,ACC-TR,56,3,A1
539,323,ACC-TS,46,1,A1
540,324,ACC-TT,19,1,A1
541,325,ACC-TU,68,1,A1
542,325,ACC-TV,34,1,A2
543,325,ACC-TW,34,2,A3
544,326,ACC-TX,55,2,A1
545,327,ACC-TY,60,3,A1
546,327,ACC-TZ,28,1,A2
547,327,ACC-UA,42,1,A3
548,328,ACC-UB,69,2,A1
549,328,ACC-UC,74,1,A2
550,329,ACC-UD,61,2,A1
551,330,ACC-UE,44,2,A1
552,330,ACC-UF,22,1,A2
553,331,ACC-UG,56,2,A1
554,331,ACC-UH,43,1,A2
555,331,ACC-UI,37,1,A3
556,331,ACC-UJ,19,1,A4
557,332,ACC-UK,66,1,A1
558,333,ACC-UL,33,3,A1
559,333,ACC-UM,30,3,A2
560,333,ACC-UN,31,3,A3
561,333,ACC-UO,22,2,A4
562,334,ACC-UP,51,1,A1
563,335,ACC-UQ,57,1,A1
564,335,ACC-UR,49,2,A2
565,336,ACC-US,29,2,A1
566,337,ACC-UT,52,3,A1
567,337,ACC-UU,56,2,A2
568,338,ACC-UV,72,3,A1
569,338,ACC-UW,71,2,A2
570,339,ACC-UX,66,2,A1
571,339,ACC-UY,39,3,A2
572,339,ACC-UZ,28,2,A3
573,339,ACC-VA,17,1,A4
574,340,ACC-VB,21,2,A1
575,341,ACC-VC,57,3,A1
576,342,ACC-VD,65,1,A1
577,343,ACC-VE,57,1,A1
578,343,ACC-VF,75,2,A2
579,343,ACC-VG,61,1,A3
580,344,ACC-VH,30,1,A1
581,344,ACC-VI,28,3,A2
582,345,ACC-VJ,64,2,A1
583,345,ACC-VK,66,2,A2
584,346,ACC-VL,58,2,A1
585,347,ACC-VM,40,2,A1
586,348,ACC-VN,48,2,A1
587,348,ACC-VO,44,3,A2
588,349,ACC-VP,28,2,A1
589,350,ACC-VQ,42,2,A1
590,351,ACC-VR,68,3,A1
591,351,ACC-VS,49,1,A2
592,352,ACC-VT,60,1,A1
593,353,ACC-VU,51,3,A1
594,354,ACC-VV,24,3,A1
595,355,ACC-VW,13,1,A1
596,356,ACC-VX,31,3,A1
597,356,ACC-VY,44,1,A2
598,356,ACC-VZ,54,1,A3
599,357,ACC-WA,33,1,A1
600,357,ACC-WB,37,3,A2
601,358,ACC-WC,66,1,A1
602,359,ACC-WD,44,3,A1
603,359,ACC-WE,69,3,A2
604,360,ACC-WF,41,1,A1
605,361,ACC-WG,29,3,A1
606,362,ACC-WH,70,2,A1
607,363,ACC-WI,28,3,A1
608,363,ACC-WJ,68,3,A2
609,364,ACC-WK,60,2,A1
610,365,ACC-WL,38,1,A1
611,366,ACC-WM,56,1,A1
612,367,ACC-WN,57,1,A1
613,367,ACC-WO,61,1,A2
614,368,ACC-WP,74,1,A1
615,369,ACC-WQ,46,2,A1
616,370,ACC-WR,32,3,A1
617,371,ACC-WS,68,1,A1
618,372,ACC-WT,61,2,A1
619,373,ACC-WU,48,1,A1
620,374,ACC-WV,51,2,A1
621,374,ACC-WW,20,1,A2
622,374,ACC-WX,23,1,A3
623,375,ACC-WY,70,1,A1
624,376,ACC-WZ,31,1,A1
625,377,ACC-XA,46,3,A1
626,378,ACC-XB,48,2,A1
627,378,ACC-XC,45,1,A2
628,378,ACC-XD,58,1,A3
629,379,ACC-XE,19,2,A1
630,379,ACC-XF,34,1,A2
631,379,ACC-XG,18,2,A3
632,380,ACC-XH,22,1,A1
633,381,ACC-XI,58,3,A1
634,382,ACC-XJ,63,3,A1
635,383,ACC-XK,31,1,A1
636,383,ACC-XL,26,3,A2
637,383,ACC-XM,50,3,A3
638,383,ACC-XN,28,3,A4
639,384,ACC-XO,45,1,A1
640,385,ACC-XP,42,2,A1
641,386,ACC-XQ,65,1,A1
642,387,ACC-XR,62,1,A1
643,388,ACC-XS,75,3,A1
644,389,ACC-XT,14,1,A1
645,389,ACC-XU,67,2,A2
646,390,ACC-XV,33,1,A1
647,391,ACC-XW,45,3,A1
648,391,ACC-XX,65,1,A2
649,391,ACC-XY,24,2,A3
650,392,ACC-XZ,47,1,A1
651,392,ACC-YA,34,2,A2
652,393,ACC-YB,37,1,A1
653,393,ACC-YC,64,3,A2
654,394,ACC-YD,62,2,A1
655,395,ACC-YE,36,3,A1
656,395,ACC-YF,43,3,A2
657,396,ACC-YG,21,3,A1
658,397,ACC-YH,27,1,A1
659,397,ACC-YI,39,2,A2
660,397,ACC-YJ,51,3,A3
661,398,ACC-YK,70,3,A1
662,398,ACC-YL,46,1,A2
663,399,ACC-YM,15,2,A1
664,400,ACC-YN,71,2,A1
665,401,ACC-YO,39,3,A1
666,401,ACC-YP,54,1,A2
667,401,ACC-YQ,75,1,A3
668,401,ACC-YR,70,1,A4
669,402,ACC-YS,43,3,A1
670,403,ACC-YT,14,3,A1
671,403,ACC-YU,57,3,A2
672,404,ACC-YV,44,3,A1
673,405,ACC-YW,20,3,A1
674,406,ACC-YX,66,1,A1
675,406,ACC-YY,36,1,A2
676,407,ACC-YZ,33,3,A1
677,408,ACC-ZA,32,2,A1
678,408,ACC-ZB,55,2,A2
679,409,ACC-ZC,49,1,A1
680,410,ACC-ZD,49,1,A1
681,411,ACC-ZE,55,3,A1
682,412,ACC-ZF,14,1,A1
683,412,ACC-ZG,24,3,A2
684,413,ACC-ZH,54,3,A1
685,414,ACC-ZI,13,2,A1
686,415,ACC-ZJ,52,1,A1
687,415,ACC-ZK,63,1,A2
688,416,ACC-ZL,54,2,A1
689,417,ACC-ZM,68,2,A1
690,418,ACC-ZN,18,2,A1
691,419,ACC-ZO,13,2,A1
692,420,ACC-ZP,37,2,A1
693,421,ACC-ZQ,44,1,A1
694,421,ACC-ZR,58,2,A2
695,422,ACC-ZS,30,2,A1
696,422,ACC-ZT,35,1,A2
697,422,ACC-ZU,21,3,A3
698,422,ACC-ZV,63,2,A4
699,423,ACC-ZW,67,1,A1
700,423,ACC-ZX,58,2,A2
701,423,ACC-ZY,43,3,A3
702,423,ACC-ZZ,36,1,A4
703,424,ACC-AAA,26,2,A1
704,424,ACC-AAB,53,1,A2
705,425,ACC-AAC,21,2,A1
706,425,ACC-AAD,55,2,A2
707,426,ACC-AAE,52,1,A1
708,427,ACC-AAF,35,3,A1
709,428,ACC-AAG,37,3,A1
710,428,ACC-AAH,20,2,A2
711,429,ACC-AAI,57,2,A1
712,430,ACC-AAJ,15,3,A1
713,431,ACC-AAK,58,2,A1
714,431,ACC-AAL,51,3,A2
715,431,ACC-AAM,16,3,A3
716,432,ACC-AAN,61,3,A1
717,433,ACC-AAO,38,2,A1
718,434,ACC-AAP,42,3,A1
719,434,ACC-AAQ,64,1,A2
720,435,ACC-AAR,71,3,A1
721,436,ACC-AAS,72,2,A1
722,436,ACC-AAT,45,2,A2
723,437,ACC-AAU,51,2,A1
724,438,ACC-AAV,36,1,A1
725,439,ACC-AAW,13,1,A1
726,439,ACC-AAX,54,3,A2
727,440,ACC-AAY,29,2,A1
728,441,ACC-AAZ,38,2,A1
729,441,ACC-ABA,18,3,A2
730,441,ACC-ABB,21,3,A3
731,442,ACC-ABC,17,1,A1
732,443,ACC-ABD,18,3,A1
733,444,ACC-ABE,58,1,A1
734,445,ACC-ABF,30,1,A1
735,446,ACC-ABG,15,2,A1
736,446,ACC-ABH,59,1,A2
737,447,ACC-ABI,32,1,A1
738,447,ACC-ABJ,29,3,A2
739,447,ACC-ABK,33,3,A3
740,448,ACC-ABL,54,2,A1
741,449,ACC-ABM,49,1,A1
742,449,ACC-ABN,58,3,A2
743,450,ACC-ABO,19,3,A1
744,451,ACC-ABP,62,1,A1
745,451,ACC-ABQ,75,1,A2
746,452,ACC-ABR,37,2,A1
747,452,ACC-ABS,70,1,A2
748,453,ACC-ABT,45,3,A1
749,454,ACC-ABU,30,1,A1
750,455,ACC-ABV,69,1,A1
751,455,ACC-ABW,54,2,A2
752,456,ACC-ABX,65,3,A1
753,456,ACC-ABY,43,3,A2
754,457,ACC-ABZ,34,3,A1
755,458,ACC-ACA,29,3,A1
756,459,ACC-ACB,19,2,A1
757,459,ACC-ACC,22,2,A2
758,459,ACC-ACD,28,1,A3
759,460,ACC-ACE,41,1,A1
760,461,ACC-ACF,26,3,A1
761,462,ACC-ACG,57,3,A1
762,463,ACC-ACH,54,2,A1
763,463,ACC-ACI,32,1,A2
764,464,ACC-ACJ,39,1,A1
765,465,ACC-ACK,19,3,A1
766,466,ACC-ACL,51,1,A1
767,466,ACC-ACM,43,2,A2
768,467,ACC-ACN,69,2,A1
769,467,ACC-ACO,37,2,A2
770,468,ACC-ACP,52,2,A1
771,469,ACC-ACQ,20,3,A1
772,470,ACC-ACR,39,3,A1
773,471,ACC-ACS,25,3,A1
774,472,ACC-ACT,17,2,A1
775,473,ACC-ACU,37,2,A1
776,473,ACC-ACV,46,1,A2
777,474,ACC-ACW,13,3,A1
778,475,ACC-ACX,41,2,A1
779,476,ACC-ACY,60,2,A1
780,477,ACC-ACZ,12,1,A1
781,477,ACC-ADA,57,1,A2
782,478,ACC-ADB,26,3,A1
783,479,ACC-ADC,40,2,A1
784,480,ACC-ADD,24,1,A1
785,481,ACC-ADE,15,2,A1
786,482,ACC-ADF,41,1,A1
787,482,ACC-ADG,73,3,A2
788,483,ACC-ADH,34,1,A1
789,484,ACC-ADI,35,1,A1
790,485,ACC-ADJ,21,2,A1
791,486,ACC-ADK,65,3,A1
792,486,ACC-ADL,74,1,A2
793,487,ACC-ADM,31,2,A1
794,488,ACC-ADN,73,2,A1
795,489,ACC-ADO,51,1,A1
796,490,ACC-ADP,18,2,A1
797,490,ACC-ADQ,40,1,A2
798,491,ACC-ADR,43,2,A1
799,492,ACC-ADS,17,3,A1
800,493,ACC-ADT,69,1,A1
801,493,ACC-ADU,20,3,A2
802,494,ACC-ADV,33,2,A1
803,494,ACC-ADW,40,1,A2
804,494,ACC-ADX,20,2,A3
805,495,ACC-ADY,20,2,A1
806,496,ACC-ADZ,27,3,A1
807,497,ACC-AEA,38,1,A1
808,498,ACC-AEB,73,2,A1
809,498,ACC-AEC,14,1,A2
810,498,ACC-AED,21,2,A3
811,499,ACC-AEE,72,3,A1
812,499,ACC-AEF,19,1,A2
813,499,ACC-AEG,29,2,A3
814,500,ACC-AEH,25,3,A1
815,500,ACC-AEI,40,2,A2
816,501,ACC-AEJ,28,3,A1
817,502,ACC-AEK,48,3,A1
818,502,ACC-AEL,66,1,A2
819,503,ACC-AEM,37,3,A1
820,504,ACC-AEN,55,3,A1
821,505,ACC-AEO,65,3,A1
822,506,ACC-AEP,48,2,A1
823,507,ACC-AEQ,53,3,A1
824,507,ACC-AER,22,1,A2
825,507,ACC-AES,30,3,A3
826,507,ACC-AET,45,3,A4
827,508,ACC-AEU,33,2,A1
828,508,ACC-AEV,29,3,A2
829,508,ACC-AEW,55,3,A3
830,509,ACC-AEX,39,2,A1
831,510,ACC-AEY,73,3,A1
832,511,ACC-AEZ,46,2,A1
833,511,ACC-AFA,52,3,A2
834,512,ACC-AFB,19,1,A1
835,513,ACC-AFC,16,1,A1
836,513,ACC-AFD,21,3,A2
837,513,ACC-AFE,26,1,A3
838,514,ACC-AFF,45,3,A1
839,515,ACC-AFG,35,2,A1
840,515,ACC-AFH,25,2,A2
841,516,ACC-AFI,75,2,A1
842,516,ACC-AFJ,16,1,A2
843,517,ACC-AFK,21,2,A1
844,518,ACC-AFL,31,2,A1
845,519,ACC-AFM,52,3,A1
846,519,ACC-AFN,65,3,A2
847,520,ACC-AFO,72,2,A1
848,520,ACC-AFP,15,3,A2
849,521,ACC-AFQ,42,2,A1
850,522,ACC-AFR,68,1,A1
851,522,ACC-AFS,58,3,A2
852,522,ACC-AFT,45,2,A3
853,522,ACC-AFU,18,2,A4
854,523,ACC-AFV,39,1,A1
855,524,ACC-AFW,48,1,A1
856,525,ACC-AFX,37,2,A1
857,525,ACC-AFY,75,1,A2
858,526,ACC-AFZ,30,2,A1
859,526,ACC-AGA,32,3,A2
860,527,ACC-AGB,19,1,A1
861,528,ACC-AGC,68,3,A1
862,529,ACC-AGD,35,3,A1
863,529,ACC-AGE,53,1,A2
864,529,ACC-AGF,56,3,A3
865,530,ACC-AGG,41,3,A1
866,530,ACC-AGH,57,3,A2
867,531,ACC-AGI,45,2,A1
868,531,ACC-AGJ,21,3,A2
869,532,ACC-AGK,48,2,A1
870,532,ACC-AGL,49,3,A2
871,533,ACC-AGM,59,1,A1
872,534,ACC-AGN,28,3,A1
873,534,ACC-AGO,56,2,A2
874,535,ACC-AGP,70,1,A1
875,536,ACC-AGQ,24,1,A1
876,537,ACC-AGR,12,1,A1
877,538,ACC-AGS,67,1,A1
878,538,ACC-AGT,61,3,A2
879,538,ACC-AGU,73,3,A3
880,538,ACC-AGV,32,2,A4
881,539,ACC-AGW,25,1,A1
882,540,ACC-AGX,25,3,A1
883,541,ACC-AGY,43,1,A1
884,542,ACC-AGZ,14,1,A1
885,542,ACC-AHA,36,1,A2
886,542,ACC-AHB,23,1,A3
887,542,ACC-AHC,59,1,A4
888,543,ACC-AHD,60,1,A1
889,543,ACC-AHE,14,2,A2
890,544,ACC-AHF,63,2,A1
891,544,ACC-AHG,51,1,A2
892,545,ACC-AHH,14,3,A1
893,546,ACC-AHI,27,1,A1
894,546,ACC-AHJ,71,1,A2
895,547,ACC-AHK,54,2,A1
896,548,ACC-AHL,46,3,A1
897,549,ACC-AHM,66,1,A1
898,549,ACC-AHN,32,3,A2
899,550,ACC-AHO,47,1,A1
900,551,ACC-AHP,50,1,A1
901,551,ACC-AHQ,49,3,A2
902,551,ACC-AHR,73,1,A3
903,552,ACC-AHS,25,1,A1
904,552,ACC-AHT,23,1,A2
905,553,ACC-AHU,28,3,A1
906,554,ACC-AHV,69,1,A1
907,554,ACC-AHW,30,2,A2
908,555,ACC-AHX,42,2,A1
909,555,ACC-AHY,66,2,A2
910,556,ACC-AHZ,37,2,A1
911,557,ACC-AIA,40,3,A1
912,557,ACC-AIB,25,1,A2
913,558,ACC-AIC,30,3,A1
914,558,ACC-AID,43,3,A2
915,559,ACC-AIE,70,1,A1
916,559,ACC-AIF,56,2,A2
917,559,ACC-AIG,25,2,A3
918,560,ACC-AIH,14,3,A1
919,561,ACC-AII,19,1,A1
920,562,ACC-AIJ,42,3,A1
921,562,ACC-AIK,39,3,A2
922,563,ACC-AIL,21,3,A1
923,564,ACC-AIM,37,3,A1
924,565,ACC-AIN,55,2,A1
925,565,ACC-AIO,47,1,A2
926,566,ACC-AIP,12,2,A1
927,567,ACC-AIQ,63,1,A1
928,567,ACC-AIR,41,2,A2
929,568,ACC-AIS,36,3,A1
930,569,ACC-AIT,18,2,A1
931,569,ACC-AIU,67,1,A2
932,570,ACC-AIV,71,1,A1
933,570,ACC-AIW,23,1,A2
934,571,ACC-AIX,48,1,A1
935,572,ACC-AIY,21,3,A1
936,573,ACC-AIZ,72,3,A1
937,574,ACC-AJA,68,2,A1
938,574,ACC-AJB,37,2,A2
939,575,ACC-AJC,44,2,A1
940,575,ACC-AJD,38,1,A2
941,576,ACC-AJE,65,3,A1
942,577,ACC-AJF,51,2,A1
943,578,ACC-AJG,58,2,A1
944,578,ACC-AJH,13,1,A2
945,578,ACC-AJI,47,2,A3
946,579,ACC-AJJ,52,1,A1
947,579,ACC-AJK,21,1,A2
948,579,ACC-AJL,66,3,A3
949,580,ACC-AJM,14,1,A1
950,581,ACC-AJN,38,2,A1
951,581,ACC-AJO,64,1,A2
952,582,ACC-AJP,56,1,A1
953,582,ACC-AJQ,13,2,A2
954,583,ACC-AJR,48,1,A1
955,584,ACC-AJS,29,1,A1
956,584,ACC-AJT,57,3,A2
957,585,ACC-AJU,17,3,A1
958,586,ACC-AJV,36,2,A1
959,587,ACC-AJW,58,2,A1
960,587,ACC-AJX,67,3,A2
961,587,ACC-AJY,22,3,A3
962,588,ACC-AJZ,28,2,A1
963,589,ACC-AKA,32,1,A1
964,589,ACC-AKB,57,3,A2
965,590,ACC-AKC,19,1,A1
966,591,ACC-AKD,44,3,A1
967,592,ACC-AKE,67,1,A1
968,593,ACC-AKF,41,2,A1
969,594,ACC-AKG,60,1,A1
970,595,ACC-AKH,25,3,A1
971,595,ACC-AKI,54,3,A2
972,595,ACC-AKJ,28,3,A3
973,596,ACC-AKK,56,2,A1
974,596,ACC-AKL,46,3,A2
975,596,ACC-AKM,55,1,A3
976,597,ACC-AKN,63,1,A1
977,597,ACC-AKO,59,3,A2
978,598,ACC-AKP,19,2,A1
979,599,ACC-AKQ,54,3,A1
980,600,ACC-AKR,53,1,A1
981,601,ACC-AKS,16,1,A1
982,601,ACC-AKT,70,2,A2
983,602,ACC-AKU,74,1,A1
984,602,ACC-AKV,24,1,A2
985,603,ACC-AKW,66,2,A1
986,604,ACC-AKX,42,1,A1
987,604,ACC-AKY,41,1,A2
988,605,ACC-AKZ,24,3,A1
989,605,ACC-ALA,49,1,A2
990,606,ACC-ALB,61,2,A1
991,607,ACC-ALC,54,1,A1
992,608,ACC-ALD,29,3,A1
993,608,ACC-ALE,49,1,A2
994,609,ACC-ALF,38,3,A1
995,610,ACC-ALG,52,3,A1
996,610,ACC-ALH,38,2,A2
997,611,ACC-ALI,59,3,A1
998,611,ACC-ALJ,31,2,A2
999,611,ACC-ALK,18,2,A3
1000,612,ACC-ALL,30,2,A1
1001,612,ACC-ALM,65,2,A2
1002,613,ACC-ALN,25,2,A1
1003,614,ACC-ALO,24,1,A1
1004,614,ACC-ALP,46,3,A2
1005,614,ACC-ALQ,34,2,A3
1006,615,ACC-ALR,40,1,A1
1007,616,ACC-ALS,55,3,A1
1008,617,ACC-ALT,60,2,A1
1009,618,ACC-ALU,14,3,A1
1010,618,ACC-ALV,34,3,A2
1011,619,ACC-ALW,41,1,A1
1012,620,ACC-ALX,28,3,A1
1013,620,ACC-ALY,62,2,A2
1014,621,ACC-ALZ,51,1,A1
1015,622,ACC-AMA,51,2,A1
1016,623,ACC-AMB,75,2,A1
1017,624,ACC-AMC,12,2,A1
1018,625,ACC-AMD,65,3,A1
1019,626,ACC-AME,51,1,A1
1020,626,ACC-AMF,61,3,A2
1021,627,ACC-AMG,22,2,A1
1022,627,ACC-AMH,40,3,A2
1023,628,ACC-AMI,30,3,A1
1024,629,ACC-AMJ,42,3,A1
1025,630,ACC-AMK,44,1,A1
1026,631,ACC-AML,21,2,A1
1027,632,ACC-AMM,40,3,A1
1028,632,ACC-AMN,54,2,A2
1029,632,ACC-AMO,70,1,A3
1030,633,ACC-AMP,27,1,A1
1031,633,ACC-AMQ,33,3,A2
1032,634,ACC-AMR,47,1,A1
1033,634,ACC-AMS,19,1,A2
1034,634,ACC-AMT,36,3,A3
1035,634,ACC-AMU,18,2,A4
1036,635,ACC-AMV,22,3,A1
1037,635,ACC-AMW,33,1,A2
1038,635,ACC-AMX,56,1,A3
1039,636,ACC-AMY,48,3,A1
1040,637,ACC-AMZ,12,1,A1
1041,638,ACC-ANA,27,1,A1
1042,638,ACC-ANB,48,2,A2
1043,638,ACC-ANC,56,3,A3
1044,639,ACC-AND,47,3,A1
1045,640,ACC-ANE,65,1,A1
1046,640,ACC-ANF,20,2,A2
1047,641,ACC-ANG,32,1,A1
1048,642,ACC-ANH,24,1,A1
1049,642,ACC-ANI,43,2,A2
1050,643,ACC-ANJ,61,2,A1
1051,644,ACC-ANK,69,1,A1
1052,645,ACC-ANL,74,3,A1
1053,646,ACC-ANM,34,3,A1
1054,646,ACC-ANN,50,3,A2
1055,647,ACC-ANO,73,2,A1
1056,648,ACC-ANP,71,2,A1
1057,649,ACC-ANQ,42,3,A1
1058,649,ACC-ANR,38,1,A2
1059,649,ACC-ANS,42,3,A3
1060,650,ACC-ANT,66,3,A1
1061,650,ACC-ANU,16,2,A2
1062,650,ACC-ANV,26,2,A3
1063,651,ACC-ANW,15,1,A1
1064,652,ACC-ANX,28,2,A1
1065,653,ACC-ANY,20,2,A1
1066,653,ACC-ANZ,71,3,A2
1067,653,ACC-AOA,30,3,A3
1068,654,ACC-AOB,69,3,A1
1069,655,ACC-AOC,37,3,A1
1070,655,ACC-AOD,38,3,A2
1071,656,ACC-AOE,52,3,A1
1072,657,ACC-AOF,32,2,A1
1073,658,ACC-AOG,49,2,A1
1074,658,ACC-AOH,21,1,A2
1075,658,ACC-AOI,18,3,A3
1076,659,ACC-AOJ,50,2,A1
1077,660,ACC-AOK,25,3,A1
1078,661,ACC-AOL,59,3,A1
1079,662,ACC-AOM,19,1,A1
1080,663,ACC-AON,13,2,A1
1081,664,ACC-AOO,68,1,A1
1082,665,ACC-AOP,25,1,A1
1083,666,ACC-AOQ,56,1,A1
1084,666,ACC-AOR,51,1,A2
1085,667,ACC-AOS,15,1,A1
1086,668,ACC-AOT,15,2,A1
1087,669,ACC-AOU,52,3,A1
1088,670,ACC-AOV,17,1,A1
1089,670,ACC-AOW,19,3,A2
1090,671,ACC-AOX,66,1,A1
1091,672,ACC-AOY,36,3,A1
1092,673,ACC-AOZ,43,3,A1
1093,673,ACC-APA,37,2,A2
1094,674,ACC-APB,32,3,A1
1095,674,ACC-APC,71,3,A2
1096,674,ACC-APD,41,1,A3
1097,674,ACC-APE,19,1,A4
1098,675,ACC-APF,56,1,A1
1099,675,ACC-APG,36,3,A2
1100,676,ACC-APH,39,2,A1
1101,677,ACC-API,15,2,A1
1102,677,ACC-APJ,45,1,A2
1103,678,ACC-APK,38,2,A1
1104,679,ACC-APL,30,3,A1
1105,680,ACC-APM,16,3,A1
1106,680,ACC-APN,57,3,A2
1107,681,ACC-APO,19,2,A1
1108,682,ACC-APP,60,3,A1
1109,683,ACC-APQ,31,1,A1
1110,684,ACC-APR,68,2,A1
1111,685,ACC-APS,54,1,A1
1112,686,ACC-APT,12,2,A1
1113,687,ACC-APU,60,2,A1
1114,688,ACC-APV,12,3,A1
1115,689,ACC-APW,34,2,A1
1116,689,ACC-APX,40,1,A2
1117,690,ACC-APY,13,3,A1
1118,690,ACC-APZ,63,3,A2
1119,690,ACC-AQA,38,1,A3
1120,691,ACC-AQB,15,3,A1
1121,692,ACC-AQC,19,2,A1
1122,692,ACC-AQD,33,2,A2
1123,692,ACC-AQE,46,2,A3
1124,693,ACC-AQF,33,1,A1
1125,693,ACC-AQG,21,3,A2
1126,694,ACC-AQH,46,2,A1
1127,694,ACC-AQI,48,2,A2
1128,694,ACC-AQJ,47,3,A3
1129,695,ACC-AQK,53,3,A1
1130,696,ACC-AQL,75,2,A1
1131,697,ACC-AQM,33,2,A1
1132,697,ACC-AQN,51,1,A2
1133,698,ACC-AQO,23,2,A1
1134,699,ACC-AQP,27,2,A1
1135,700,ACC-AQQ,18,3,A1
1136,701,ACC-AQR,53,2,A1
1137,702,ACC-AQS,70,3,A1
1138,702,ACC-AQT,12,1,A2
1139,703,ACC-AQU,58,1,A1
1140,704,ACC-AQV,26,1,A1
1141,705,ACC-AQW,68,1,A1
1142,706,ACC-AQX,44,2,A1
1143,706,ACC-AQY,40,1,A2
1144,707,ACC-AQZ,65,3,A1
1145,708,ACC-ARA,37,3,A1
1146,708,ACC-ARB,64,2,A2
1147,709,ACC-ARC,22,2,A1
1148,710,ACC-ARD,18,1,A1
1149,710,ACC-ARE,50,3,A2
1150,710,ACC-ARF,59,1,A3
1151,711,ACC-ARG,42,3,A1
1152,711,ACC-ARH,68,1,A2
1153,711,ACC-ARI,55,2,A3
1154,712,ACC-ARJ,67,1,A1
1155,713,ACC-ARK,28,1,A1
1156,714,ACC-ARL,26,3,A1
1157,714,ACC-ARM,34,2,A2
1158,715,ACC-ARN,68,3,A1
1159,716,ACC-ARO,22,2,A1
1160,717,ACC-ARP,19,2,A1
1161,717,ACC-ARQ,46,3,A2
1162,717,ACC-ARR,48,2,A3
1163,718,ACC-ARS,71,2,A1
1164,718,ACC-ART,70,3,A2
1165,718,ACC-ARU,40,3,A3
1166,718,ACC-ARV,48,3,A4
1167,719,ACC-ARW,20,1,A1
1168,720,ACC-ARX,57,2,A1
1169,721,ACC-ARY,40,1,A1
1170,722,ACC-ARZ,62,1,A1
1171,722,ACC-ASA,63,3,A2
1172,722,ACC-ASB,36,2,A3
1173,723,ACC-ASC,40,1,A1
1174,724,ACC-ASD,32,1,A1
1175,724,ACC-ASE,43,1,A2
1176,724,ACC-ASF,20,2,A3
1177,724,ACC-ASG,34,2,A4
1178,725,ACC-ASH,69,1,A1
1179,725,ACC-ASI,55,2,A2
1180,725,ACC-ASJ,47,3,A3
1181,726,ACC-ASK,41,3,A1
1182,727,ACC-ASL,72,3,A1
1183,728,ACC-ASM,39,1,A1
1184,729,ACC-ASN,48,3,A1
1185,729,ACC-ASO,36,1,A2
1186,729,ACC-ASP,43,1,A3
1187,730,ACC-ASQ,65,3,A1
1188,731,ACC-ASR,38,3,A1
1189,731,ACC-ASS,48,3,A2
1190,732,ACC-AST,68,2,A1
1191,732,ACC-ASU,67,1,A2
1192,732,ACC-ASV,47,2,A3
1193,733,ACC-ASW,25,3,A1
1194,733,ACC-ASX,29,1,A2
1195,733,ACC-ASY,29,2,A3
1196,733,ACC-ASZ,39,1,A4
1197,734,ACC-ATA,73,2,A1
1198,735,ACC-ATB,14,2,A1
1199,735,ACC-ATC,24,1,A2
1200,735,ACC-ATD,58,3,A3
1201,736,ACC-ATE,30,2,A1
1202,736,ACC-ATF,60,3,A2
1203,737,ACC-ATG,55,2,A1
1204,738,ACC-ATH,49,1,A1
1205,738,ACC-ATI,33,1,A2
1206,739,ACC-ATJ,65,2,A1
1207,739,ACC-ATK,35,2,A2
1208,740,ACC-ATL,59,1,A1
1209,740,ACC-ATM,31,3,A2
1210,740,ACC-ATN,19,3,A3
1211,741,ACC-ATO,36,3,A1
1212,741,ACC-ATP,15,3,A2
1213,742,ACC-ATQ,27,2,A1
1214,743,ACC-ATR,63,1,A1
1215,743,ACC-ATS,45,1,A2
1216,743,ACC-ATT,19,1,A3
1217,743,ACC-ATU,24,2,A4
1218,744,ACC-ATV,17,2,A1
1219,745,ACC-ATW,48,3,A1
1220,746,ACC-ATX,55,1,A1
1221,747,ACC-ATY,63,1,A1
1222,747,ACC-ATZ,69,1,A2
1223,748,ACC-AUA,63,1,A1
1224,749,ACC-AUB,37,2,A1
1225,750,ACC-AUC,43,2,A1
1226,750,ACC-AUD,33,2,A2
1227,751,ACC-AUE,34,1,A1
1228,752,ACC-AUF,14,1,A1
1229,752,ACC-AUG,38,2,A2
1230,753,ACC-AUH,64,3,A1
1231,753,ACC-AUI,66,3,A2
1232,753,ACC-AUJ,49,3,A3
1233,753,ACC-AUK,35,1,A4
1234,754,ACC-AUL,57,1,A1
1235,755,ACC-AUM,43,1,A1
1236,756,ACC-AUN,50,3,A1
1237,756,ACC-AUO,18,2,A2
1238,756,ACC-AUP,37,3,A3
1239,757,ACC-AUQ,24,3,A1
1240,757,ACC-AUR,14,2,A2
1241,758,ACC-AUS,44,1,A1
1242,759,ACC-AUT,70,1,A1
1243,760,ACC-AUU,64,3,A1
1244,761,ACC-AUV,68,1,A1
1245,761,ACC-AUW,73,2,A2
1246,761,ACC-AUX,65,2,A3
1247,761,ACC-AUY,75,2,A4
1248,762,ACC-AUZ,59,2,A1
1249,762,ACC-AVA,25,2,A2
1250,763,ACC-AVB,46,2,A1
1251,764,ACC-AVC,18,2,A1
1252,764,ACC-AVD,26,3,A2
1253,764,ACC-AVE,26,1,A3
1254,765,ACC-AVF,14,2,A1
1255,765,ACC-AVG,12,1,A2
1256,765,ACC-AVH,64,1,A3
1257,766,ACC-AVI,57,3,A1
1258,767,ACC-AVJ,53,1,A1
1259,768,ACC-AVK,50,3,A1
1260,769,ACC-AVL,38,1,A1
1261,770,ACC-AVM,38,3,A1
1262,771,ACC-AVN,54,1,A1
1263,771,ACC-AVO,15,2,A2
1264,772,ACC-AVP,25,1,A1
1265,773,ACC-AVQ,15,2,A1
1266,774,ACC-AVR,50,2,A1
1267,775,ACC-AVS,28,3,A1
1268,776,ACC-AVT,39,1,A1
1269,777,ACC-AVU,38,2,A1
1270,777,ACC-AVV,31,2,A2
1271,778,ACC-AVW,51,2,A1
1272,778,ACC-AVX,59,1,A2
1273,779,ACC-AVY,61,3,A1
1274,780,ACC-AVZ,53,2,A1
1275,780,ACC-AWA,61,3,A2
1276,780,ACC-AWB,35,2,A3
1277,781,ACC-AWC,58,2,A1
1278,782,ACC-AWD,68,3,A1
1279,783,ACC-AWE,38,3,A1
1280,784,ACC-AWF,37,3,A1
1281,785,ACC-AWG,29,1,A1
1282,786,ACC-AWH,67,1,A1
1283,787,ACC-AWI,33,3,A1
1284,788,ACC-AWJ,54,1,A1
1285,789,ACC-AWK,49,1,A1
1286,790,ACC-AWL,20,2,A1
1287,791,ACC-AWM,38,3,A1
1288,791,ACC-AWN,22,3,A2
1289,792,ACC-AWO,22,3,A1
1290,793,ACC-AWP,24,2,A1
1291,794,ACC-AWQ,45,3,A1
1292,795,ACC-AWR,74,1,A1
1293,796,ACC-AWS,49,3,A1
1294,797,ACC-AWT,40,2,A1
1295,798,ACC-AWU,32,3,A1
1296,798,ACC-AWV,53,1,A2
1297,798,ACC-AWW,38,3,A3
1298,799,ACC-AWX,61,2,A1
1299,799,ACC-AWY,47,3,A2
1300,800,ACC-AWZ,14,2,A1
1301,800,ACC-AXA,24,1,A2
1302,800,ACC-AXB,14,2,A3
1303,801,ACC-AXC,36,1,A1
1304,802,ACC-AXD,13,1,A1
1305,802,ACC-AXE,65,3,A2
1306,802,ACC-AXF,40,3,A3
1307,803,ACC-AXG,33,1,A1
1308,804,ACC-AXH,55,1,A1
1309,805,ACC-AXI,59,3,A1
1310,805,ACC-AXJ,20,2,A2
1311,805,ACC-AXK,35,1,A3
1312,806,ACC-AXL,54,3,A1
1313,807,ACC-AXM,66,2,A1
1314,807,ACC-AXN,50,1,A2
1315,807,ACC-AXO,19,3,A3
1316,807,ACC-AXP,40,2,A4
1317,808,ACC-AXQ,72,2,A1
1318,808,ACC-AXR,48,1,A2
1319,808,ACC-AXS,18,1,A3
1320,809,ACC-AXT,58,1,A1
1321,809,ACC-AXU,22,2,A2
1322,809,ACC-AXV,29,3,A3
1323,810,ACC-AXW,42,3,A1
1324,810,ACC-AXX,26,1,A2
1325,810,ACC-AXY,67,1,A3
1326,811,ACC-AXZ,32,3,A1
1327,811,ACC-AYA,42,3,A2
1328,812,ACC-AYB,35,1,A1
1329,812,ACC-AYC,40,3,A2
1330,813,ACC-AYD,38,3,A1
1331,813,ACC-AYE,42,2,A2
1332,813,ACC-AYF,44,3,A3
1333,814,ACC-AYG,19,3,A1
1334,815,ACC-AYH,74,2,A1
1335,816,ACC-AYI,15,3,A1
1336,816,ACC-AYJ,55,1,A2
1337,817,ACC-AYK,26,2,A1
1338,817,ACC-AYL,52,1,A2
1339,817,ACC-AYM,70,3,A3
1340,818,ACC-AYN,35,2,A1
1341,818,ACC-AYO,63,1,A2
1342,818,ACC-AYP,13,3,A3
1343,819,ACC-AYQ,43,2,A1
1344,819,ACC-AYR,43,3,A2
1345,820,ACC-AYS,18,3,A1
1346,821,ACC-AYT,22,3,A1
1347,821,ACC-AYU,67,3,A2
1348,821,ACC-AYV,68,3,A3
1349,822,ACC-AYW,39,2,A1
1350,823,ACC-AYX,17,1,A1
1351,824,ACC-AYY,36,1,A1
1352,825,ACC-AYZ,18,3,A1
1353,826,ACC-AZA,18,3,A1
1354,826,ACC-AZB,55,1,A2
1355,827,ACC-AZC,57,2,A1
1356,828,ACC-AZD,69,2,A1
1357,828,ACC-AZE,33,2,A2
1358,829,ACC-AZF,56,1,A1
1359,830,ACC-AZG,75,3,A1
1360,830,ACC-AZH,73,1,A2
1361,830,ACC-AZI,36,3,A3
1362,831,ACC-AZJ,28,1,A1
1363,832,ACC-AZK,69,2,A1
1364,832,ACC-AZL,63,1,A2
1365,832,ACC-AZM,24,1,A3
1366,833,ACC-AZN,25,3,A1
1367,834,ACC-AZO,72,3,A1
1368,834,ACC-AZP,36,2,A2
1369,835,ACC-AZQ,72,1,A1
1370,836,ACC-AZR,27,3,A1
1371,836,ACC-AZS,59,1,A2
1372,837,ACC-AZT,57,3,A1
1373,838,ACC-AZU,54,2,A1
1374,839,ACC-AZV,36,1,A1
1375,840,ACC-AZW,48,1,A1
1376,841,ACC-AZX,68,3,A1
1377,842,ACC-AZY,66,1,A1
1378,842,ACC-AZZ,25,1,A2
1379,843,ACC-BAA,57,3,A1
1380,844,ACC-BAB,33,1,A1
1381,845,ACC-BAC,38,2,A1
1382,845,ACC-BAD,65,3,A2
1383,846,ACC-BAE,15,3,A1
1384,847,ACC-BAF,62,3,A1
1385,848,ACC-BAG,50,3,A1
1386,849,ACC-BAH,15,2,A1
1387,849,ACC-BAI,26,3,A2
1388,850,ACC-BAJ,59,2,A1
1389,851,ACC-BAK,55,1,A1
1390,852,ACC-BAL,43,2,A1
1391,853,ACC-BAM,65,1,A1
1392,854,ACC-BAN,16,3,A1
1393,855,ACC-BAO,32,1,A1
1394,856,ACC-BAP,21,1,A1
1395,856,ACC-BAQ,61,3,A2
1396,857,ACC-BAR,45,3,A1
1397,858,ACC-BAS,46,1,A1
1398,858,ACC-BAT,72,2,A2
1399,859,ACC-BAU,45,2,A1
1400,860,ACC-BAV,71,3,A1
1401,861,ACC-BAW,45,3,A1
1402,862,ACC-BAX,34,1,A1
1403,862,ACC-BAY,39,2,A2
1404,862,ACC-BAZ,38,2,A3
1405,862,ACC-BBA,71,1,A4
1406,863,ACC-BBB,62,2,A1
1407,863,ACC-BBC,33,3,A2
1408,864,ACC-BBD,62,3,A1
1409,865,ACC-BBE,64,2,A1
1410,865,ACC-BBF,27,3,A2
1411,866,ACC-BBG,39,1,A1
1412,867,ACC-BBH,22,1,A1
1413,868,ACC-BBI,54,1,A1
1414,868,ACC-BBJ,26,1,A2
1415,868,ACC-BBK,50,3,A3
1416,869,ACC-BBL,53,2,A1
1417,870,ACC-BBM,46,3,A1
1418,871,ACC-BBN,31,1,A1
1419,872,ACC-BBO,68,3,A1
1420,873,ACC-BBP,31,2,A1
1421,874,ACC-BBQ,40,3,A1
1422,875,ACC-BBR,74,2,A1
1423,876,ACC-BBS,57,3,A1
1424,877,ACC-BBT,59,2,A1
1425,877,ACC-BBU,62,1,A2
1426,878,ACC-BBV,50,2,A1
1427,879,ACC-BBW,32,2,A1
1428,880,ACC-BBX,36,3,A1
1429,880,ACC-BBY,24,3,A2
1430,880,ACC-BBZ,28,2,A3
1431,881,ACC-BCA,31,2,A1
1432,881,ACC-BCB,54,3,A2
1433,881,ACC-BCC,32,2,A3
1434,882,ACC-BCD,36,2,A1
1435,883,ACC-BCE,55,1,A1
1436,884,ACC-BCF,68,3,A1
1437,885,ACC-BCG,41,3,A1
1438,886,ACC-BCH,26,1,A1
1439,886,ACC-BCI,35,1,A2
1440,887,ACC-BCJ,38,3,A1
1441,887,ACC-BCK,68,2,A2
1442,888,ACC-BCL,19,1,A1
1443,888,ACC-BCM,57,3,A2
1444,889,ACC-BCN,22,3,A1
1445,889,ACC-BCO,51,3,A2
1446,890,ACC-BCP,74,3,A1
1447,890,ACC-BCQ,39,2,A2
1448,890,ACC-BCR,29,3,A3
1449,891,ACC-BCS,66,3,A1
1450,892,ACC-BCT,31,2,A1
1451,892,ACC-BCU,46,3,A2
1452,893,ACC-BCV,16,1,A1
1453,893,ACC-BCW,26,1,A2
1454,894,ACC-BCX,43,3,A1
1455,894,ACC-BCY,51,3,A2
1456,895,ACC-BCZ,39,1,A1
1457,896,ACC-BDA,34,1,A1
1458,897,ACC-BDB,71,2,A1
1459,898,ACC-BDC,22,2,A1
1460,898,ACC-BDD,55,3,A2
1461,899,ACC-BDE,52,1,A1
1462,900,ACC-BDF,33,2,A1
1463,900,ACC-BDG,32,2,A2
