OccuranceTimeID,CaseMasterID,FromDate,ToDate,PlaceOfOccurance,latitude,longitude
1,1,2021-03-31 01:08:00,2021-03-31 03:16:00,Beat-2,17.23186,76.779007
2,2,2023-11-19 20:37:00,2023-11-20 00:35:00,Beat-3,13.004417,76.023928
3,3,2022-05-05 14:23:00,2022-05-05 18:18:00,Beat-4,13.263809,77.065453
4,4,2022-11-08 02:47:00,2022-11-08 06:46:00,Beat-5,15.8682,74.491347
5,5,2024-11-11 02:58:00,2024-11-11 04:12:00,Beat-6,15.426773,75.018019
6,6,2022-11-25 08:33:00,2022-11-25 12:16:00,Beat-7,15.757911,74.459525
7,7,2023-06-07 03:29:00,2023-06-07 07:07:00,Beat-8,13.291861,74.698369
8,8,2020-08-27 23:53:00,2020-08-28 03:37:00,Beat-9,15.066366,76.876004
9,9,2020-07-09 15:31:00,2020-07-09 16:35:00,Beat-10,12.802778,74.953017
10,10,2022-12-05 17:08:00,2022-12-05 20:14:00,Beat-11,13.939055,75.568055
11,11,2022-07-05 11:46:00,2022-07-05 15:46:00,Beat-12,13.051363,77.480954
12,12,2023-10-03 12:40:00,2023-10-03 15:09:00,Beat-13,12.944083,77.570124
13,13,2021-09-06 01:18:00,2021-09-06 02:16:00,Beat-14,15.17509,76.98277
14,14,2023-06-17 21:26:00,2023-06-17 23:56:00,Beat-15,17.251338,76.804186
15,15,2020-11-02 03:39:00,2020-11-02 07:09:00,Beat-16,13.348585,77.085449
16,16,2023-02-25 04:27:00,2023-02-25 07:11:00,Beat-17,12.923423,74.997099
17,17,2020-06-21 07:29:00,2020-06-21 08:33:00,Beat-18,12.326156,76.650951
18,18,2021-04-18 20:13:00,2021-04-18 23:39:00,Beat-1,13.363118,77.111998
19,19,2024-10-04 08:06:00,2024-10-04 12:01:00,Beat-2,15.394212,75.011015
20,20,2022-02-26 03:11:00,2022-02-26 04:40:00,Beat-3,12.908304,77.588404
21,21,2024-04-01 12:37:00,2024-04-01 14:53:00,Beat-4,13.167531,77.450041
22,22,2021-11-02 09:12:00,2021-11-02 10:56:00,Beat-5,13.390994,77.12912
23,23,2020-02-06 15:51:00,2020-02-06 19:06:00,Beat-6,13.010842,77.539955
24,24,2020-10-24 15:16:00,2020-10-24 18:29:00,Beat-7,12.950493,77.488911
25,25,2023-01-23 15:04:00,2023-01-23 16:16:00,Beat-8,13.959782,75.573935
26,26,2023-12-12 04:21:00,2023-12-12 04:43:00,Beat-9,13.007965,77.543031
27,27,2024-06-10 10:42:00,2024-06-10 11:02:00,Beat-10,15.412918,74.987745
28,28,2020-08-01 07:17:00,2020-08-01 09:36:00,Beat-11,15.524727,75.078586
29,29,2024-09-16 13:36:00,2024-09-16 14:11:00,Beat-12,12.980272,76.019869
30,30,2024-10-13 01:29:00,2024-10-13 02:31:00,Beat-13,12.77753,74.938726
31,31,2025-08-24 12:33:00,2025-08-24 15:25:00,Beat-14,15.102587,76.856964
32,32,2024-01-31 00:53:00,2024-01-31 03:50:00,Beat-15,13.369907,74.725768
33,33,2022-10-27 01:46:00,2022-10-27 04:29:00,Beat-16,12.33658,76.605485
34,34,2020-08-14 20:03:00,2020-08-14 21:08:00,Beat-17,13.381722,77.102269
35,35,2020-04-14 12:14:00,2020-04-14 15:26:00,Beat-18,13.010926,76.075022
36,36,2025-10-28 14:24:00,2025-10-28 17:29:00,Beat-1,17.409259,76.803876
37,37,2024-09-07 04:10:00,2024-09-07 06:07:00,Beat-2,12.884349,77.538189
38,38,2024-06-14 03:40:00,2024-06-14 07:22:00,Beat-3,17.364376,76.797773
39,39,2024-09-23 19:27:00,2024-09-23 22:44:00,Beat-4,13.190707,77.458624
40,40,2020-04-30 04:22:00,2020-04-30 04:40:00,Beat-5,13.227565,77.45846
41,41,2022-02-22 07:39:00,2022-02-22 11:11:00,Beat-6,15.768353,74.490072
42,42,2023-08-22 22:31:00,2023-08-22 23:56:00,Beat-7,12.783774,74.962486
43,43,2024-12-15 13:47:00,2024-12-15 16:20:00,Beat-8,15.192121,76.994093
44,44,2023-03-22 05:53:00,2023-03-22 07:36:00,Beat-9,12.306728,76.727216
45,45,2020-05-28 16:27:00,2020-05-28 19:25:00,Beat-10,13.39113,77.049737
46,46,2022-11-30 18:48:00,2022-11-30 19:38:00,Beat-11,12.8523,75.015144
47,47,2023-01-31 15:54:00,2023-01-31 17:06:00,Beat-12,13.385976,74.708398
48,48,2021-01-24 19:40:00,2021-01-24 23:07:00,Beat-13,13.367518,74.707593
49,49,2024-07-02 15:56:00,2024-07-02 18:16:00,Beat-14,12.776265,74.970147
50,50,2021-02-23 06:23:00,2021-02-23 08:45:00,Beat-15,12.979534,77.563403
51,51,2021-11-08 03:09:00,2021-11-08 04:29:00,Beat-16,13.332144,74.673967
52,52,2020-08-03 23:04:00,2020-08-04 02:33:00,Beat-17,15.797109,74.457952
53,53,2023-02-23 01:33:00,2023-02-23 01:49:00,Beat-18,13.296753,74.716636
54,54,2022-03-05 21:04:00,2022-03-06 00:42:00,Beat-1,12.260524,76.625404
55,55,2023-08-03 22:55:00,2023-08-04 00:43:00,Beat-2,15.814274,74.488011
56,56,2021-03-31 11:36:00,2021-03-31 13:26:00,Beat-3,12.902329,77.535567
57,57,2021-03-17 16:27:00,2021-03-17 17:25:00,Beat-4,12.969578,77.527053
58,58,2024-07-21 12:53:00,2024-07-21 16:03:00,Beat-5,13.347142,74.793229
59,59,2023-03-07 14:49:00,2023-03-07 17:27:00,Beat-6,12.292771,76.617544
60,60,2023-07-06 20:54:00,2023-07-06 21:57:00,Beat-7,13.375308,77.064395
61,61,2021-07-22 14:46:00,2021-07-22 18:41:00,Beat-8,12.946322,77.612987
62,62,2025-09-06 18:12:00,2025-09-06 18:54:00,Beat-9,13.02736,77.520141
63,63,2022-08-03 16:20:00,2022-08-03 18:29:00,Beat-10,12.87736,77.510263
64,64,2025-10-11 16:59:00,2025-10-11 17:32:00,Beat-11,12.909847,77.568901
65,65,2024-08-12 20:23:00,2024-08-12 21:27:00,Beat-12,15.833325,74.437166
66,66,2020-04-06 18:49:00,2020-04-06 21:26:00,Beat-13,15.537428,75.000419
67,67,2020-08-27 23:06:00,2020-08-27 23:40:00,Beat-14,17.31298,76.816823
68,68,2022-07-13 16:22:00,2022-07-13 19:37:00,Beat-15,15.398077,75.030412
69,69,2020-04-21 15:17:00,2020-04-21 15:44:00,Beat-16,12.264765,76.687365
70,70,2022-08-01 03:32:00,2022-08-01 07:24:00,Beat-17,12.91977,77.599705
71,71,2020-11-08 01:18:00,2020-11-08 03:41:00,Beat-18,15.395271,75.029241
72,72,2024-09-19 13:29:00,2024-09-19 14:58:00,Beat-1,12.860533,74.976358
73,73,2022-10-21 00:25:00,2022-10-21 02:02:00,Beat-2,15.028504,76.890451
74,74,2022-06-04 12:15:00,2022-06-04 13:24:00,Beat-3,12.734224,74.954625
75,75,2022-02-16 12:12:00,2022-02-16 13:17:00,Beat-4,13.902124,75.589974
76,76,2020-01-18 20:54:00,2020-01-18 23:29:00,Beat-5,13.110366,77.563775
77,77,2022-08-11 18:51:00,2022-08-11 20:10:00,Beat-6,15.379118,75.018187
78,78,2024-04-06 22:39:00,2024-04-06 23:23:00,Beat-7,13.938679,75.556148
79,79,2024-08-13 11:38:00,2024-08-13 14:34:00,Beat-8,12.322959,76.626917
80,80,2022-06-30 18:59:00,2022-06-30 20:39:00,Beat-9,15.337956,75.001102
81,81,2021-08-20 03:16:00,2021-08-20 06:05:00,Beat-10,12.856071,77.552526
82,82,2024-08-28 07:54:00,2024-08-28 09:47:00,Beat-11,13.241539,77.465059
83,83,2024-08-22 16:48:00,2024-08-22 20:35:00,Beat-12,13.225818,74.791979
84,84,2025-07-02 01:59:00,2025-07-02 03:45:00,Beat-13,15.408411,74.987542
85,85,2025-08-15 08:43:00,2025-08-15 09:50:00,Beat-14,13.335785,74.804029
86,86,2021-09-14 00:00:00,2021-09-14 01:00:00,Beat-15,13.91321,75.554573
87,87,2020-01-25 19:52:00,2020-01-25 20:47:00,Beat-16,12.787165,74.974814
88,88,2022-05-11 02:51:00,2022-05-11 05:09:00,Beat-17,12.974954,76.185477
89,89,2023-08-12 14:33:00,2023-08-12 17:41:00,Beat-18,12.961245,76.024935
90,90,2025-12-09 13:46:00,2025-12-09 15:39:00,Beat-1,12.934738,76.067253
91,91,2022-12-09 11:34:00,2022-12-09 15:25:00,Beat-2,12.904058,74.997021
92,92,2024-10-21 00:30:00,2024-10-21 04:25:00,Beat-3,15.389397,75.021393
93,93,2021-02-17 00:49:00,2021-02-17 03:33:00,Beat-4,13.257827,74.746857
94,94,2023-10-27 19:33:00,2023-10-27 21:05:00,Beat-5,12.913682,77.623808
95,95,2023-08-12 09:58:00,2023-08-12 13:41:00,Beat-6,13.171481,77.486447
96,96,2022-10-07 16:01:00,2022-10-07 18:37:00,Beat-7,15.784689,74.48145
97,97,2022-02-24 14:19:00,2022-02-24 17:34:00,Beat-8,12.985668,76.129695
98,98,2023-07-05 07:04:00,2023-07-05 07:28:00,Beat-9,13.294255,77.123821
99,99,2024-03-03 04:33:00,2024-03-03 06:03:00,Beat-10,12.377411,76.704503
100,100,2021-04-20 00:31:00,2021-04-20 02:46:00,Beat-11,12.893929,77.523744
101,101,2021-05-27 12:13:00,2021-05-27 15:14:00,Beat-12,15.861297,74.565055
102,102,2022-06-29 04:10:00,2022-06-29 06:29:00,Beat-13,15.756401,74.433599
103,103,2025-11-06 17:35:00,2025-11-06 20:50:00,Beat-14,15.233941,76.981827
104,104,2024-06-06 04:59:00,2024-06-06 05:38:00,Beat-15,12.856623,75.017338
105,105,2025-05-11 02:47:00,2025-05-11 06:34:00,Beat-16,13.995219,75.610395
106,106,2020-10-27 08:35:00,2020-10-27 11:25:00,Beat-17,12.962443,76.198399
107,107,2023-07-29 12:47:00,2023-07-29 16:11:00,Beat-18,15.946228,74.412217
108,108,2021-10-31 09:39:00,2021-10-31 10:00:00,Beat-1,13.930472,75.519386
109,109,2024-11-13 06:40:00,2024-11-13 08:05:00,Beat-2,12.264638,76.659364
110,110,2022-07-11 19:31:00,2022-07-11 20:19:00,Beat-3,13.906378,75.549268
111,111,2020-09-26 18:33:00,2020-09-26 20:31:00,Beat-4,12.912395,77.515543
112,112,2021-05-31 07:41:00,2021-05-31 10:04:00,Beat-5,12.733056,74.894112
113,113,2020-09-25 05:17:00,2020-09-25 06:32:00,Beat-6,15.247689,76.934563
114,114,2020-09-02 17:24:00,2020-09-02 19:27:00,Beat-7,14.011824,75.572081
115,115,2020-02-05 08:24:00,2020-02-05 11:00:00,Beat-8,12.348838,76.557626
116,116,2025-06-18 09:04:00,2025-06-18 10:34:00,Beat-9,13.322993,74.821097
117,117,2020-07-04 00:07:00,2020-07-04 02:50:00,Beat-10,15.33122,75.009032
118,118,2022-03-18 06:12:00,2022-03-18 06:59:00,Beat-11,15.799209,74.500856
119,119,2022-02-07 14:21:00,2022-02-07 15:46:00,Beat-12,13.34423,77.117453
120,120,2023-10-14 21:24:00,2023-10-15 00:17:00,Beat-13,12.986484,77.513842
121,121,2023-05-27 20:09:00,2023-05-27 21:34:00,Beat-14,13.991559,75.63683
122,122,2021-11-21 17:58:00,2021-11-21 18:17:00,Beat-15,12.338311,76.73114
123,123,2022-10-31 21:36:00,2022-10-31 23:08:00,Beat-16,13.154085,77.495484
124,124,2021-09-04 04:45:00,2021-09-04 05:12:00,Beat-17,13.235449,77.457514
125,125,2021-09-22 16:05:00,2021-09-22 17:53:00,Beat-18,12.406831,76.618101
126,126,2025-07-05 10:07:00,2025-07-05 12:53:00,Beat-1,15.379098,75.004989
127,127,2021-06-29 19:32:00,2021-06-29 20:02:00,Beat-2,13.256097,77.502761
128,128,2020-11-21 07:30:00,2020-11-21 09:34:00,Beat-3,13.015284,76.041277
129,129,2022-07-09 08:23:00,2022-07-09 09:57:00,Beat-4,15.794346,74.471171
130,130,2022-01-29 21:21:00,2022-01-29 22:28:00,Beat-5,12.935312,76.146692
131,131,2021-12-25 16:56:00,2021-12-25 20:05:00,Beat-6,15.887728,74.605605
132,132,2025-07-14 11:27:00,2025-07-14 14:58:00,Beat-7,13.301085,77.06878
133,133,2023-03-17 01:57:00,2023-03-17 02:22:00,Beat-8,12.884412,77.524422
134,134,2023-09-19 16:08:00,2023-09-19 18:32:00,Beat-9,13.071308,77.486357
135,135,2021-08-21 10:47:00,2021-08-21 11:27:00,Beat-10,15.218379,76.966945
136,136,2021-04-22 14:17:00,2021-04-22 16:13:00,Beat-11,13.025645,77.520368
137,137,2025-05-30 06:04:00,2025-05-30 08:26:00,Beat-12,13.381474,77.102103
138,138,2024-07-15 09:29:00,2024-07-15 12:29:00,Beat-13,13.922929,75.568675
139,139,2021-06-25 07:15:00,2021-06-25 10:21:00,Beat-14,13.946085,75.609741
140,140,2025-09-28 06:31:00,2025-09-28 07:15:00,Beat-15,12.985544,77.613512
141,141,2022-08-01 19:11:00,2022-08-01 19:28:00,Beat-16,12.304286,76.730171
142,142,2020-09-14 23:14:00,2020-09-15 02:03:00,Beat-17,13.994746,75.598623
143,143,2021-10-06 20:46:00,2021-10-06 22:38:00,Beat-18,15.794919,74.459025
144,144,2023-09-13 11:00:00,2023-09-13 13:22:00,Beat-1,12.883771,77.540607
145,145,2025-10-30 14:53:00,2025-10-30 15:47:00,Beat-2,12.919743,77.569837
146,146,2020-07-08 00:33:00,2020-07-08 02:21:00,Beat-3,13.004121,76.145884
147,147,2020-04-01 05:12:00,2020-04-01 06:56:00,Beat-4,13.301654,74.709354
148,148,2021-01-11 07:53:00,2021-01-11 11:15:00,Beat-5,13.338824,74.701353
149,149,2021-01-15 17:53:00,2021-01-15 18:12:00,Beat-6,13.951428,75.592171
150,150,2021-07-07 19:57:00,2021-07-07 20:55:00,Beat-7,13.95815,75.564715
151,151,2022-10-18 03:26:00,2022-10-18 06:05:00,Beat-8,12.871982,74.998859
152,152,2022-04-05 14:35:00,2022-04-05 17:14:00,Beat-9,13.938793,75.555347
153,153,2021-04-21 04:47:00,2021-04-21 07:14:00,Beat-10,13.211719,77.494635
154,154,2024-02-15 19:49:00,2024-02-15 21:19:00,Beat-11,17.262733,76.750225
155,155,2024-08-14 04:18:00,2024-08-14 07:32:00,Beat-12,12.87501,77.549468
156,156,2020-08-24 06:02:00,2020-08-24 07:48:00,Beat-13,15.578125,75.072593
157,157,2022-04-08 07:05:00,2022-04-08 07:38:00,Beat-14,15.171287,76.946411
158,158,2025-02-12 20:20:00,2025-02-12 20:44:00,Beat-15,12.999412,77.515897
159,159,2024-01-24 06:44:00,2024-01-24 09:32:00,Beat-16,13.056345,77.527952
160,160,2020-11-06 12:59:00,2020-11-06 13:43:00,Beat-17,15.542864,75.061287
161,161,2021-01-29 17:39:00,2021-01-29 18:36:00,Beat-18,13.953953,75.504017
162,162,2023-12-23 16:56:00,2023-12-23 18:43:00,Beat-1,15.023002,76.825372
163,163,2024-10-27 22:26:00,2024-10-27 23:01:00,Beat-2,12.923663,77.608654
164,164,2020-05-21 04:09:00,2020-05-21 08:04:00,Beat-3,12.935101,77.513922
165,165,2020-09-06 04:24:00,2020-09-06 05:09:00,Beat-4,13.279886,74.765267
166,166,2024-03-05 02:59:00,2024-03-05 03:57:00,Beat-5,15.113118,76.956219
167,167,2025-06-25 17:00:00,2025-06-25 18:23:00,Beat-6,13.952907,75.643966
168,168,2024-06-07 08:56:00,2024-06-07 10:22:00,Beat-7,13.941695,75.51247
169,169,2022-08-20 08:38:00,2022-08-20 09:13:00,Beat-8,12.969546,77.557884
170,170,2025-04-26 21:04:00,2025-04-26 21:35:00,Beat-9,13.280176,77.100787
171,171,2025-03-09 19:09:00,2025-03-09 22:45:00,Beat-10,12.950797,76.057847
172,172,2025-01-10 21:50:00,2025-01-11 00:09:00,Beat-11,13.325471,77.053052
173,173,2022-09-02 13:24:00,2022-09-02 14:24:00,Beat-12,17.253122,76.792547
174,174,2022-03-25 18:12:00,2022-03-25 20:11:00,Beat-13,15.764194,74.456299
175,175,2025-03-03 15:30:00,2025-03-03 16:22:00,Beat-14,13.339873,77.128377
176,176,2023-05-11 17:17:00,2023-05-11 18:25:00,Beat-15,13.141661,77.535363
177,177,2025-08-30 23:32:00,2025-08-31 01:30:00,Beat-16,12.365827,76.618496
178,178,2020-06-10 10:00:00,2020-06-10 13:05:00,Beat-17,13.005867,76.127062
179,179,2025-06-20 22:52:00,2025-06-20 23:42:00,Beat-18,15.346158,74.966298
180,180,2021-04-22 04:13:00,2021-04-22 06:52:00,Beat-1,15.078482,76.925372
181,181,2025-12-22 17:27:00,2025-12-22 18:29:00,Beat-2,13.025307,76.169735
182,182,2023-02-20 00:02:00,2023-02-20 02:47:00,Beat-3,12.924849,77.551722
183,183,2021-09-15 23:27:00,2021-09-16 02:17:00,Beat-4,12.339607,76.681792
184,184,2023-12-07 10:31:00,2023-12-07 13:18:00,Beat-5,13.957993,75.570696
185,185,2021-07-07 17:21:00,2021-07-07 18:41:00,Beat-6,15.779803,74.486607
186,186,2021-03-18 04:39:00,2021-03-18 06:52:00,Beat-7,13.11214,77.545992
187,187,2022-09-28 00:33:00,2022-09-28 02:45:00,Beat-8,12.934218,77.6045
188,188,2021-04-11 05:45:00,2021-04-11 06:13:00,Beat-9,13.339342,74.834215
189,189,2025-03-10 23:01:00,2025-03-11 02:36:00,Beat-10,12.973857,76.024157
190,190,2025-10-13 19:44:00,2025-10-13 23:28:00,Beat-11,13.280646,77.507464
191,191,2021-03-20 04:02:00,2021-03-20 06:14:00,Beat-12,13.311641,77.122925
192,192,2023-11-07 11:16:00,2023-11-07 13:07:00,Beat-13,12.928651,77.591446
193,193,2022-01-16 16:22:00,2022-01-16 19:00:00,Beat-14,12.768203,75.012321
194,194,2020-12-16 20:44:00,2020-12-17 00:27:00,Beat-15,12.994196,76.025618
195,195,2024-12-09 06:48:00,2024-12-09 08:13:00,Beat-16,12.876355,77.560709
196,196,2021-08-27 00:27:00,2021-08-27 02:06:00,Beat-17,12.856237,74.928174
197,197,2025-04-29 05:53:00,2025-04-29 09:22:00,Beat-18,12.931988,77.512746
198,198,2023-01-20 02:39:00,2023-01-20 03:15:00,Beat-1,12.734574,74.886017
199,199,2022-12-01 08:11:00,2022-12-01 08:57:00,Beat-2,17.324299,76.763138
200,200,2025-01-27 04:16:00,2025-01-27 04:57:00,Beat-3,12.881299,75.017304
201,201,2024-01-24 05:27:00,2024-01-24 07:47:00,Beat-4,12.863562,77.553061
202,202,2023-10-10 13:50:00,2023-10-10 15:53:00,Beat-5,17.420345,76.800004
203,203,2020-02-11 08:05:00,2020-02-11 09:15:00,Beat-6,12.310456,76.626966
204,204,2022-04-21 11:22:00,2022-04-21 11:50:00,Beat-7,15.812983,74.440973
205,205,2020-08-29 04:29:00,2020-08-29 04:59:00,Beat-8,13.179136,77.532515
206,206,2022-10-01 09:45:00,2022-10-01 10:26:00,Beat-9,13.324565,74.734442
207,207,2024-06-27 19:52:00,2024-06-27 22:09:00,Beat-10,13.336484,74.674273
208,208,2022-01-09 02:14:00,2022-01-09 05:32:00,Beat-11,13.014605,76.183345
209,209,2020-09-29 02:40:00,2020-09-29 05:45:00,Beat-12,15.851337,74.597289
210,210,2021-05-01 13:39:00,2021-05-01 15:22:00,Beat-13,13.008456,76.079575
211,211,2024-11-11 04:25:00,2024-11-11 05:53:00,Beat-14,17.294269,76.795855
212,212,2020-10-05 12:22:00,2020-10-05 15:33:00,Beat-15,12.735666,74.888853
213,213,2025-09-13 14:55:00,2025-09-13 16:16:00,Beat-16,12.757866,74.932589
214,214,2023-05-18 19:12:00,2023-05-18 23:07:00,Beat-17,13.370669,74.815149
215,215,2024-05-10 22:26:00,2024-05-11 01:55:00,Beat-18,13.307277,74.68498
216,216,2021-11-25 08:02:00,2021-11-25 11:00:00,Beat-1,13.30471,77.119921
217,217,2025-02-20 11:26:00,2025-02-20 12:03:00,Beat-2,12.982924,77.629709
218,218,2022-05-29 07:15:00,2022-05-29 09:22:00,Beat-3,15.937892,74.465284
219,219,2024-08-24 06:51:00,2024-08-24 08:45:00,Beat-4,17.42593,76.864666
220,220,2020-06-03 10:19:00,2020-06-03 14:12:00,Beat-5,13.055617,77.548337
221,221,2021-04-10 23:41:00,2021-04-11 02:29:00,Beat-6,12.860056,75.003495
222,222,2020-06-25 15:58:00,2020-06-25 17:22:00,Beat-7,15.212349,76.981297
223,223,2022-09-07 13:46:00,2022-09-07 14:36:00,Beat-8,12.993011,77.493654
224,224,2023-07-15 20:04:00,2023-07-15 22:43:00,Beat-9,13.926441,75.629522
225,225,2021-04-28 21:58:00,2021-04-29 00:14:00,Beat-10,15.249641,76.983107
226,226,2025-10-03 05:17:00,2025-10-03 08:29:00,Beat-11,15.86895,74.397971
227,227,2020-07-12 16:44:00,2020-07-12 19:10:00,Beat-12,13.325774,77.108521
228,228,2020-05-19 06:02:00,2020-05-19 07:36:00,Beat-13,15.574653,75.041609
229,229,2021-11-20 15:49:00,2021-11-20 16:11:00,Beat-14,12.956002,77.63357
230,230,2024-11-04 21:50:00,2024-11-04 23:40:00,Beat-15,12.343482,76.65661
231,231,2022-10-27 12:51:00,2022-10-27 16:39:00,Beat-16,15.375873,75.004215
232,232,2023-12-27 06:39:00,2023-12-27 08:47:00,Beat-17,13.948564,75.519077
233,233,2023-02-18 13:49:00,2023-02-18 16:02:00,Beat-18,13.174055,77.520787
234,234,2024-10-29 18:52:00,2024-10-29 20:43:00,Beat-1,12.84732,74.937397
235,235,2023-11-11 08:19:00,2023-11-11 09:16:00,Beat-2,15.400991,74.994901
236,236,2024-11-12 23:10:00,2024-11-13 01:54:00,Beat-3,15.400758,74.938299
237,237,2021-10-15 00:24:00,2021-10-15 03:10:00,Beat-4,12.350247,76.566059
238,238,2025-02-17 06:00:00,2025-02-17 07:33:00,Beat-5,13.221956,77.452748
239,239,2021-02-13 19:09:00,2021-02-13 23:07:00,Beat-6,17.227586,76.818571
240,240,2025-08-06 01:26:00,2025-08-06 03:08:00,Beat-7,12.33684,76.661924
241,241,2024-11-21 02:01:00,2024-11-21 03:49:00,Beat-8,15.756072,74.491818
242,242,2021-11-14 06:46:00,2021-11-14 07:05:00,Beat-9,12.268251,76.717238
243,243,2020-03-30 17:16:00,2020-03-30 18:22:00,Beat-10,13.11382,77.46961
244,244,2023-06-17 11:02:00,2023-06-17 13:07:00,Beat-11,13.016076,77.538019
245,245,2024-02-29 20:10:00,2024-02-29 21:11:00,Beat-12,13.915176,75.523448
246,246,2020-02-17 17:49:00,2020-02-17 19:29:00,Beat-13,13.288292,77.451338
247,247,2020-07-26 14:11:00,2020-07-26 14:36:00,Beat-14,12.950014,76.053502
248,248,2024-09-08 16:31:00,2024-09-08 19:01:00,Beat-15,12.849014,75.013012
249,249,2022-01-30 02:23:00,2022-01-30 03:32:00,Beat-16,13.065279,76.197693
250,250,2022-09-21 00:56:00,2022-09-21 01:21:00,Beat-17,17.374988,76.84001
251,251,2023-04-28 07:14:00,2023-04-28 08:53:00,Beat-18,13.321354,74.779884
252,252,2025-03-29 13:04:00,2025-03-29 15:59:00,Beat-1,13.338788,77.089107
253,253,2024-12-26 20:43:00,2024-12-26 22:08:00,Beat-2,12.350727,76.688538
254,254,2023-02-06 09:40:00,2023-02-06 10:56:00,Beat-3,13.318938,77.064593
255,255,2025-01-14 12:09:00,2025-01-14 12:50:00,Beat-4,12.838126,75.010649
256,256,2025-06-25 00:21:00,2025-06-25 01:33:00,Beat-5,12.253715,76.730944
257,257,2022-02-13 01:43:00,2022-02-13 03:15:00,Beat-6,13.904098,75.535638
258,258,2021-07-15 04:04:00,2021-07-15 06:54:00,Beat-7,15.913182,74.43446
259,259,2023-04-01 07:39:00,2023-04-01 08:33:00,Beat-8,12.97666,76.150348
260,260,2023-10-04 17:52:00,2023-10-04 20:19:00,Beat-9,13.252231,77.536566
261,261,2025-05-15 18:28:00,2025-05-15 19:02:00,Beat-10,13.993979,75.558889
262,262,2025-10-12 08:59:00,2025-10-12 10:12:00,Beat-11,12.96446,77.69079
263,263,2022-08-27 08:23:00,2022-08-27 10:53:00,Beat-12,12.865327,75.004709
264,264,2020-06-27 16:07:00,2020-06-27 16:57:00,Beat-13,13.249277,77.442062
265,265,2024-02-10 13:17:00,2024-02-10 13:42:00,Beat-14,13.388162,77.062328
266,266,2022-05-14 23:24:00,2022-05-15 02:51:00,Beat-15,13.359221,77.073092
267,267,2024-11-29 21:05:00,2024-11-29 22:20:00,Beat-16,15.743783,74.463432
268,268,2021-11-26 08:27:00,2021-11-26 12:03:00,Beat-17,12.981855,76.171709
269,269,2025-07-15 09:16:00,2025-07-15 12:50:00,Beat-18,17.245489,76.752874
270,270,2021-09-30 10:47:00,2021-09-30 11:08:00,Beat-1,13.93813,75.591442
271,271,2025-08-09 01:44:00,2025-08-09 03:46:00,Beat-2,12.920417,77.489445
272,272,2024-10-30 04:36:00,2024-10-30 05:19:00,Beat-3,12.946638,75.01886
273,273,2022-11-27 05:55:00,2022-11-27 09:32:00,Beat-4,12.959461,76.167504
274,274,2021-06-06 23:24:00,2021-06-07 00:59:00,Beat-5,17.42546,76.879015
275,275,2023-06-08 17:08:00,2023-06-08 19:13:00,Beat-6,13.020442,77.493581
276,276,2024-02-03 03:00:00,2024-02-03 04:39:00,Beat-7,13.213004,77.509811
277,277,2021-03-18 08:00:00,2021-03-18 11:00:00,Beat-8,13.029913,77.690729
278,278,2025-04-06 12:18:00,2025-04-06 13:34:00,Beat-9,12.904544,75.01756
279,279,2023-02-02 07:54:00,2023-02-02 11:30:00,Beat-10,12.25977,76.685789
280,280,2024-05-03 05:32:00,2024-05-03 07:44:00,Beat-11,12.725773,74.895116
281,281,2024-11-29 13:14:00,2024-11-29 15:34:00,Beat-12,12.337696,76.581933
282,282,2025-06-03 06:10:00,2025-06-03 09:47:00,Beat-13,13.257761,74.709722
283,283,2020-08-18 01:48:00,2020-08-18 04:18:00,Beat-14,12.791618,74.889181
284,284,2021-03-31 15:20:00,2021-03-31 17:06:00,Beat-15,13.334165,74.71765
285,285,2020-07-04 18:30:00,2020-07-04 19:42:00,Beat-16,13.042409,77.681809
286,286,2024-06-29 11:04:00,2024-06-29 11:42:00,Beat-17,12.892649,77.494843
287,287,2024-02-01 01:59:00,2024-02-01 04:13:00,Beat-18,13.270725,77.065808
288,288,2025-11-26 01:23:00,2025-11-26 05:03:00,Beat-1,13.985492,75.571733
289,289,2021-08-11 01:26:00,2021-08-11 02:20:00,Beat-2,12.982586,77.6216
290,290,2020-02-11 00:05:00,2020-02-11 00:38:00,Beat-3,12.944214,76.120583
291,291,2021-10-07 05:20:00,2021-10-07 06:27:00,Beat-4,12.275187,76.676244
292,292,2021-05-22 20:32:00,2021-05-22 23:07:00,Beat-5,12.914835,74.943905
293,293,2020-01-11 11:04:00,2020-01-11 13:08:00,Beat-6,13.982981,75.508737
294,294,2022-09-11 07:07:00,2022-09-11 09:12:00,Beat-7,15.916328,74.59344
295,295,2020-01-12 09:25:00,2020-01-12 11:38:00,Beat-8,15.866383,74.45695
296,296,2023-03-29 16:03:00,2023-03-29 17:07:00,Beat-9,13.018267,77.514362
297,297,2024-05-31 03:48:00,2024-05-31 04:44:00,Beat-10,12.306592,76.67824
298,298,2020-08-07 04:59:00,2020-08-07 07:01:00,Beat-11,12.89712,74.949853
299,299,2022-03-17 21:04:00,2022-03-18 00:30:00,Beat-12,12.310628,76.639059
300,300,2022-02-09 13:19:00,2022-02-09 15:41:00,Beat-13,17.364898,76.823498
301,301,2025-02-09 14:06:00,2025-02-09 17:09:00,Beat-14,13.130626,77.566013
302,302,2023-08-04 19:54:00,2023-08-04 20:09:00,Beat-15,15.068225,76.848295
303,303,2025-02-28 00:41:00,2025-02-28 02:26:00,Beat-16,12.783141,74.980801
304,304,2020-02-19 05:58:00,2020-02-19 07:30:00,Beat-17,15.063575,76.79509
305,305,2022-08-23 15:58:00,2022-08-23 17:11:00,Beat-18,15.765979,74.486801
306,306,2023-03-11 01:22:00,2023-03-11 02:11:00,Beat-1,12.322282,76.627518
307,307,2022-09-14 19:04:00,2022-09-14 22:08:00,Beat-2,13.419859,74.839618
308,308,2021-05-16 22:11:00,2021-05-16 23:13:00,Beat-3,12.368311,76.540378
309,309,2020-03-19 11:18:00,2020-03-19 13:01:00,Beat-4,12.984587,77.612732
310,310,2025-06-16 18:33:00,2025-06-16 20:59:00,Beat-5,13.157847,77.488767
311,311,2025-05-07 04:21:00,2025-05-07 05:40:00,Beat-6,13.359989,77.105644
312,312,2022-11-19 17:26:00,2022-11-19 20:56:00,Beat-7,12.878185,77.555962
313,313,2021-08-02 09:06:00,2021-08-02 10:16:00,Beat-8,12.987944,76.058168
314,314,2020-02-27 12:25:00,2020-02-27 14:30:00,Beat-9,13.341876,77.139928
315,315,2024-09-06 23:13:00,2024-09-06 23:45:00,Beat-10,13.320553,77.075094
316,316,2024-08-24 10:55:00,2024-08-24 12:34:00,Beat-11,13.24789,77.459518
317,317,2020-09-16 03:23:00,2020-09-16 04:20:00,Beat-12,13.980829,75.61426
318,318,2024-08-17 06:59:00,2024-08-17 07:40:00,Beat-13,12.823241,74.896929
319,319,2023-07-29 19:14:00,2023-07-29 20:07:00,Beat-14,13.001004,77.67821
320,320,2025-09-13 08:15:00,2025-09-13 10:27:00,Beat-15,15.92809,74.511171
321,321,2022-11-19 06:40:00,2022-11-19 07:14:00,Beat-16,12.895858,77.569816
322,322,2022-06-29 17:31:00,2022-06-29 18:29:00,Beat-17,12.956972,77.68635
323,323,2023-01-21 08:17:00,2023-01-21 10:26:00,Beat-18,13.30215,74.680635
324,324,2024-05-18 00:51:00,2024-05-18 02:13:00,Beat-1,12.38833,76.577358
325,325,2023-03-08 10:42:00,2023-03-08 12:32:00,Beat-2,13.01348,77.582033
326,326,2023-03-31 07:15:00,2023-03-31 07:42:00,Beat-3,13.299444,77.100581
327,327,2023-08-23 23:35:00,2023-08-24 00:13:00,Beat-4,13.238687,77.525135
328,328,2023-02-13 05:39:00,2023-02-13 09:12:00,Beat-5,12.992164,76.019199
329,329,2025-08-21 12:32:00,2025-08-21 16:32:00,Beat-6,12.290015,76.625511
330,330,2020-08-27 23:43:00,2020-08-28 00:42:00,Beat-7,12.246028,76.638624
331,331,2024-09-19 05:56:00,2024-09-19 07:58:00,Beat-8,12.998478,77.543165
332,332,2025-11-21 03:13:00,2025-11-21 06:02:00,Beat-9,13.965405,75.522736
333,333,2022-12-31 02:06:00,2022-12-31 03:55:00,Beat-10,15.053809,76.983642
334,334,2024-07-19 09:05:00,2024-07-19 10:45:00,Beat-11,13.285535,74.726483
335,335,2020-02-15 04:08:00,2020-02-15 06:46:00,Beat-12,13.389002,77.088663
336,336,2020-02-04 15:44:00,2020-02-04 19:20:00,Beat-13,12.253741,76.719341
337,337,2023-07-09 10:04:00,2023-07-09 13:04:00,Beat-14,13.018673,77.625344
338,338,2021-02-23 21:44:00,2021-02-23 23:58:00,Beat-15,12.779725,74.927266
339,339,2022-09-12 12:11:00,2022-09-12 13:00:00,Beat-16,13.024948,76.200738
340,340,2023-08-01 09:21:00,2023-08-01 10:47:00,Beat-17,15.034945,76.839336
341,341,2023-07-23 14:52:00,2023-07-23 17:19:00,Beat-18,12.930641,76.200837
342,342,2023-07-17 09:34:00,2023-07-17 13:20:00,Beat-1,13.943326,75.558885
343,343,2025-08-25 16:38:00,2025-08-25 20:14:00,Beat-2,12.991163,77.592866
344,344,2025-12-07 22:06:00,2025-12-08 01:54:00,Beat-3,15.872975,74.532373
345,345,2024-02-16 08:00:00,2024-02-16 08:29:00,Beat-4,15.490642,75.046607
346,346,2024-11-26 22:36:00,2024-11-27 00:16:00,Beat-5,13.173275,77.542259
347,347,2023-09-13 02:35:00,2023-09-13 04:23:00,Beat-6,13.376717,77.123284
348,348,2022-04-10 08:05:00,2022-04-10 08:51:00,Beat-7,13.379453,77.090589
349,349,2020-07-20 13:59:00,2020-07-20 16:30:00,Beat-8,12.263276,76.723532
350,350,2024-02-07 13:14:00,2024-02-07 14:13:00,Beat-9,12.883935,74.965088
351,351,2025-05-08 10:15:00,2025-05-08 11:56:00,Beat-10,13.307173,77.107086
352,352,2022-01-24 20:58:00,2022-01-25 00:13:00,Beat-11,15.080271,76.852625
353,353,2024-09-10 10:36:00,2024-09-10 12:19:00,Beat-12,13.927797,75.648671
354,354,2024-01-23 17:06:00,2024-01-23 19:21:00,Beat-13,15.929034,74.483397
355,355,2025-02-28 17:45:00,2025-02-28 21:03:00,Beat-14,13.901403,75.545522
356,356,2020-08-18 03:20:00,2020-08-18 05:18:00,Beat-15,12.906854,74.937886
357,357,2023-02-22 14:00:00,2023-02-22 17:43:00,Beat-16,15.428153,74.974472
358,358,2025-06-30 07:43:00,2025-06-30 10:29:00,Beat-17,13.270465,74.753626
359,359,2021-02-07 01:07:00,2021-02-07 01:34:00,Beat-18,15.025588,76.796263
360,360,2023-04-26 11:49:00,2023-04-26 12:44:00,Beat-1,13.988192,75.52881
361,361,2023-06-27 21:21:00,2023-06-27 22:57:00,Beat-2,15.879551,74.411055
362,362,2020-12-31 21:39:00,2020-12-31 23:23:00,Beat-3,15.467884,74.965119
363,363,2021-03-17 06:31:00,2021-03-17 08:48:00,Beat-4,13.292328,77.475101
364,364,2025-04-18 15:20:00,2025-04-18 18:13:00,Beat-5,13.922885,75.644796
365,365,2020-07-15 13:40:00,2020-07-15 14:10:00,Beat-6,12.997247,77.542294
366,366,2024-02-18 13:45:00,2024-02-18 15:42:00,Beat-7,15.526501,75.087565
367,367,2019-12-31 16:25:00,2019-12-31 17:15:00,Beat-8,17.274017,76.750706
368,368,2023-09-12 17:33:00,2023-09-12 21:24:00,Beat-9,15.814118,74.429153
369,369,2020-01-17 21:43:00,2020-01-17 23:02:00,Beat-10,13.26121,77.074027
370,370,2024-02-13 00:29:00,2024-02-13 03:10:00,Beat-11,12.339298,76.611046
371,371,2020-07-15 00:30:00,2020-07-15 01:14:00,Beat-12,12.861956,74.953141
372,372,2023-07-31 03:13:00,2023-07-31 04:51:00,Beat-13,17.262559,76.774223
373,373,2022-01-20 08:27:00,2022-01-20 10:28:00,Beat-14,13.015552,77.502223
374,374,2021-02-19 15:21:00,2021-02-19 18:34:00,Beat-15,12.992456,76.21146
375,375,2024-08-02 15:39:00,2024-08-02 16:07:00,Beat-16,12.938609,76.153507
376,376,2020-11-26 01:07:00,2020-11-26 02:22:00,Beat-17,13.025598,77.540789
377,377,2021-01-15 07:55:00,2021-01-15 09:19:00,Beat-18,12.935902,76.07031
378,378,2020-11-18 01:22:00,2020-11-18 04:04:00,Beat-1,13.302666,77.151777
379,379,2020-07-09 05:32:00,2020-07-09 09:06:00,Beat-2,17.261634,76.820304
380,380,2020-10-10 04:39:00,2020-10-10 05:21:00,Beat-3,15.067512,76.981362
381,381,2020-06-11 22:21:00,2020-06-12 00:27:00,Beat-4,13.262294,77.115626
382,382,2020-01-09 12:18:00,2020-01-09 16:14:00,Beat-5,12.369798,76.607445
383,383,2023-02-17 06:51:00,2023-02-17 08:41:00,Beat-6,13.385624,74.736633
384,384,2025-09-18 07:14:00,2025-09-18 07:56:00,Beat-7,12.784092,75.020623
385,385,2022-12-15 11:16:00,2022-12-15 14:36:00,Beat-8,13.35294,74.792922
386,386,2020-06-21 18:04:00,2020-06-21 20:19:00,Beat-9,13.050502,77.566566
387,387,2020-11-22 11:51:00,2020-11-22 13:00:00,Beat-10,13.033849,77.569696
388,388,2021-04-04 22:53:00,2021-04-05 00:46:00,Beat-11,12.729009,74.897629
389,389,2022-03-10 01:08:00,2022-03-10 03:57:00,Beat-12,12.96896,76.098263
390,390,2025-02-04 17:28:00,2025-02-04 20:50:00,Beat-13,12.269673,76.686961
391,391,2020-04-30 13:55:00,2020-04-30 15:07:00,Beat-14,13.975812,75.563151
392,392,2024-02-22 10:42:00,2024-02-22 13:46:00,Beat-15,13.167862,77.534827
393,393,2020-09-03 02:08:00,2020-09-03 02:57:00,Beat-16,15.461285,74.99949
394,394,2022-08-15 10:33:00,2022-08-15 13:35:00,Beat-17,12.809529,74.944489
395,395,2021-08-29 12:44:00,2021-08-29 15:11:00,Beat-18,13.232733,77.542952
396,396,2025-03-19 18:12:00,2025-03-19 19:01:00,Beat-1,13.045979,77.662202
397,397,2024-06-24 06:20:00,2024-06-24 06:49:00,Beat-2,12.312118,76.670877
398,398,2020-05-06 01:25:00,2020-05-06 04:29:00,Beat-3,13.914641,75.515782
399,399,2025-09-26 21:32:00,2025-09-27 01:04:00,Beat-4,13.010968,76.177901
400,400,2023-11-10 18:05:00,2023-11-10 18:31:00,Beat-5,13.336427,77.111113
401,401,2025-07-27 07:46:00,2025-07-27 10:47:00,Beat-6,12.329992,76.633764
402,402,2025-08-03 08:35:00,2025-08-03 10:13:00,Beat-7,12.928899,74.941613
403,403,2025-01-01 22:00:00,2025-01-02 00:30:00,Beat-8,12.925778,76.131348
404,404,2022-01-02 15:35:00,2022-01-02 17:14:00,Beat-9,13.052345,76.148015
405,405,2021-09-08 23:52:00,2021-09-09 00:31:00,Beat-10,12.773951,74.910588
406,406,2021-08-09 19:14:00,2021-08-09 22:28:00,Beat-11,15.833842,74.455945
407,407,2025-02-15 18:53:00,2025-02-15 21:37:00,Beat-12,13.266147,77.077294
408,408,2023-02-18 22:08:00,2023-02-18 22:51:00,Beat-13,13.385165,74.805252
409,409,2023-07-22 04:56:00,2023-07-22 05:35:00,Beat-14,17.436176,76.886135
410,410,2025-07-18 13:57:00,2025-07-18 16:15:00,Beat-15,15.744686,74.43992
411,411,2021-11-04 11:43:00,2021-11-04 12:05:00,Beat-16,13.115679,77.537897
412,412,2024-08-11 10:59:00,2024-08-11 12:27:00,Beat-17,12.917746,77.59679
413,413,2024-11-29 17:00:00,2024-11-29 19:21:00,Beat-18,13.926118,75.579468
414,414,2025-01-22 20:57:00,2025-01-22 22:16:00,Beat-1,15.774924,74.439355
415,415,2023-10-10 23:14:00,2023-10-11 02:09:00,Beat-2,13.934401,75.574907
416,416,2021-08-16 02:28:00,2021-08-16 04:48:00,Beat-3,12.814084,74.937091
417,417,2022-05-31 21:17:00,2022-05-31 21:32:00,Beat-4,13.341963,77.101456
418,418,2024-05-01 15:19:00,2024-05-01 16:00:00,Beat-5,13.040337,77.628611
419,419,2023-08-21 01:20:00,2023-08-21 04:49:00,Beat-6,12.954163,77.509492
420,420,2021-06-18 22:48:00,2021-06-19 01:58:00,Beat-7,13.308755,74.774039
421,421,2025-09-06 08:35:00,2025-09-06 09:54:00,Beat-8,17.255792,76.761194
422,422,2023-08-09 22:05:00,2023-08-09 22:24:00,Beat-9,15.934163,74.468159
423,423,2025-05-07 08:38:00,2025-05-07 11:29:00,Beat-10,12.297912,76.614148
424,424,2024-08-12 17:17:00,2024-08-12 19:55:00,Beat-11,13.327517,74.834575
425,425,2025-09-06 01:03:00,2025-09-06 02:41:00,Beat-12,15.902716,74.414768
426,426,2022-05-09 03:54:00,2022-05-09 05:13:00,Beat-13,13.193342,77.461324
427,427,2023-09-29 02:31:00,2023-09-29 05:32:00,Beat-14,12.3397,76.63407
428,428,2024-01-07 18:18:00,2024-01-07 21:20:00,Beat-15,13.25638,74.738687
429,429,2023-07-28 10:57:00,2023-07-28 14:12:00,Beat-16,12.270861,76.694669
430,430,2023-07-23 03:11:00,2023-07-23 05:03:00,Beat-17,13.148707,77.530195
431,431,2022-02-07 17:25:00,2022-02-07 19:46:00,Beat-18,15.940212,74.441965
432,432,2024-04-26 21:50:00,2024-04-26 22:30:00,Beat-1,13.985501,75.590359
433,433,2021-06-22 20:18:00,2021-06-23 00:03:00,Beat-2,15.394218,74.991369
434,434,2020-11-15 22:56:00,2020-11-16 00:17:00,Beat-3,13.33768,77.044013
435,435,2020-01-24 13:04:00,2020-01-24 15:42:00,Beat-4,12.98099,77.505479
436,436,2024-01-14 20:53:00,2024-01-15 00:44:00,Beat-5,12.993453,77.576461
437,437,2023-05-27 08:52:00,2023-05-27 09:58:00,Beat-6,12.993507,76.197314
438,438,2021-11-27 06:27:00,2021-11-27 06:43:00,Beat-7,12.362647,76.584718
439,439,2023-09-09 13:00:00,2023-09-09 15:00:00,Beat-8,15.823759,74.474769
440,440,2022-06-30 14:17:00,2022-06-30 17:02:00,Beat-9,12.800931,74.992816
441,441,2021-10-03 21:03:00,2021-10-03 21:41:00,Beat-10,13.95563,75.506312
442,442,2024-11-14 02:04:00,2024-11-14 05:39:00,Beat-11,13.353349,77.043631
443,443,2025-04-04 00:06:00,2025-04-04 02:37:00,Beat-12,12.924675,77.526743
444,444,2024-01-02 07:24:00,2024-01-02 09:04:00,Beat-13,13.128701,77.533712
445,445,2020-02-08 08:14:00,2020-02-08 10:55:00,Beat-14,12.91928,77.508211
446,446,2023-11-29 03:00:00,2023-11-29 05:07:00,Beat-15,12.884555,74.983827
447,447,2025-12-27 05:50:00,2025-12-27 09:19:00,Beat-16,12.855247,77.508373
448,448,2024-12-27 20:38:00,2024-12-27 23:30:00,Beat-17,12.366324,76.65695
449,449,2021-12-02 09:35:00,2021-12-02 13:04:00,Beat-18,13.302002,74.68469
450,450,2021-10-30 07:11:00,2021-10-30 08:46:00,Beat-1,15.346193,75.028997
451,451,2023-03-18 02:34:00,2023-03-18 03:44:00,Beat-2,13.30187,74.750379
452,452,2025-10-23 03:15:00,2025-10-23 03:49:00,Beat-3,12.410001,76.706095
453,453,2021-04-04 17:15:00,2021-04-04 20:28:00,Beat-4,15.236617,76.931846
454,454,2023-10-14 15:44:00,2023-10-14 16:05:00,Beat-5,12.9706,76.005482
455,455,2022-11-23 05:35:00,2022-11-23 05:53:00,Beat-6,13.295053,74.72202
456,456,2023-09-29 04:47:00,2023-09-29 07:10:00,Beat-7,13.009019,76.043113
457,457,2024-03-22 15:51:00,2024-03-22 16:29:00,Beat-8,12.953151,76.133397
458,458,2025-06-28 11:22:00,2025-06-28 12:37:00,Beat-9,15.359508,74.990586
459,459,2024-11-25 18:23:00,2024-11-25 19:43:00,Beat-10,15.889648,74.511888
460,460,2022-08-31 10:38:00,2022-08-31 14:02:00,Beat-11,13.336403,74.790647
461,461,2020-11-27 18:30:00,2020-11-27 21:14:00,Beat-12,13.246664,77.47107
462,462,2024-05-16 02:53:00,2024-05-16 04:27:00,Beat-13,12.864027,77.534201
463,463,2022-06-15 03:14:00,2022-06-15 03:40:00,Beat-14,13.335617,77.075961
464,464,2020-04-05 08:57:00,2020-04-05 12:53:00,Beat-15,13.27112,77.538269
465,465,2025-08-31 22:29:00,2025-08-31 23:37:00,Beat-16,13.012055,77.573547
466,466,2025-12-26 15:55:00,2025-12-26 19:53:00,Beat-17,17.293799,76.810305
467,467,2025-12-23 20:41:00,2025-12-23 21:23:00,Beat-18,12.992764,77.509342
468,468,2025-10-16 18:23:00,2025-10-16 19:42:00,Beat-1,12.833318,75.022969
469,469,2021-09-13 14:27:00,2021-09-13 17:18:00,Beat-2,12.344716,76.571457
470,470,2023-08-24 01:24:00,2023-08-24 02:53:00,Beat-3,12.946085,76.088624
471,471,2021-06-12 15:16:00,2021-06-12 18:48:00,Beat-4,12.956297,76.065726
472,472,2025-10-04 18:10:00,2025-10-04 18:39:00,Beat-5,12.996857,77.655917
473,473,2025-02-09 01:06:00,2025-02-09 03:17:00,Beat-6,15.862786,74.580186
474,474,2020-11-06 10:02:00,2020-11-06 13:57:00,Beat-7,15.752887,74.460995
475,475,2021-04-28 17:36:00,2021-04-28 21:12:00,Beat-8,15.447541,74.961193
476,476,2025-06-12 00:21:00,2025-06-12 03:19:00,Beat-9,15.226465,76.977738
477,477,2021-11-11 23:02:00,2021-11-12 02:50:00,Beat-10,13.044057,76.175595
478,478,2024-04-08 07:43:00,2024-04-08 09:43:00,Beat-11,13.323567,77.079224
479,479,2024-08-01 18:35:00,2024-08-01 21:18:00,Beat-12,13.185857,77.535651
480,480,2023-06-21 15:18:00,2023-06-21 17:43:00,Beat-13,15.015196,76.80247
481,481,2020-12-19 22:05:00,2020-12-20 01:50:00,Beat-14,17.215201,76.795452
482,482,2022-04-03 04:00:00,2022-04-03 05:30:00,Beat-15,12.853324,75.015664
483,483,2022-03-19 17:56:00,2022-03-19 18:32:00,Beat-16,13.230705,77.53337
484,484,2024-05-18 17:07:00,2024-05-18 18:22:00,Beat-17,12.938979,75.012001
485,485,2023-09-21 17:54:00,2023-09-21 19:09:00,Beat-18,12.783831,75.032659
486,486,2025-04-01 04:10:00,2025-04-01 05:46:00,Beat-1,12.342659,76.633714
487,487,2025-05-23 07:20:00,2025-05-23 10:08:00,Beat-2,12.914069,77.563364
488,488,2023-09-19 15:28:00,2023-09-19 17:49:00,Beat-3,13.28686,74.709471
489,489,2023-02-24 02:14:00,2023-02-24 05:20:00,Beat-4,13.970369,75.505522
490,490,2020-12-05 01:47:00,2020-12-05 03:18:00,Beat-5,13.380142,77.083391
491,491,2022-05-20 00:25:00,2022-05-20 04:25:00,Beat-6,13.366917,77.069337
492,492,2021-10-15 11:37:00,2021-10-15 13:19:00,Beat-7,15.777171,74.447947
493,493,2021-08-11 12:03:00,2021-08-11 15:08:00,Beat-8,12.327968,76.617795
494,494,2022-06-13 10:24:00,2022-06-13 12:48:00,Beat-9,12.786288,74.978473
495,495,2025-03-22 08:02:00,2025-03-22 09:30:00,Beat-10,15.893932,74.508848
496,496,2020-05-13 11:56:00,2020-05-13 14:18:00,Beat-11,13.131433,77.533283
497,497,2024-02-27 17:06:00,2024-02-27 17:58:00,Beat-12,15.165881,76.972211
498,498,2020-11-12 20:34:00,2020-11-13 00:32:00,Beat-13,17.297208,76.841022
499,499,2020-08-30 00:37:00,2020-08-30 03:57:00,Beat-14,13.298265,77.039456
500,500,2020-06-11 06:07:00,2020-06-11 07:44:00,Beat-15,13.991637,75.595747
501,501,2020-10-09 02:30:00,2020-10-09 04:14:00,Beat-16,12.951386,77.563498
502,502,2023-01-01 01:51:00,2023-01-01 02:54:00,Beat-17,12.95468,76.096893
503,503,2024-01-29 18:24:00,2024-01-29 20:23:00,Beat-18,12.386752,76.537597
504,504,2021-07-07 22:10:00,2021-07-07 23:37:00,Beat-1,15.759996,74.402273
505,505,2023-01-28 05:52:00,2023-01-28 09:09:00,Beat-2,12.800483,74.912563
506,506,2021-03-15 22:37:00,2021-03-16 02:23:00,Beat-3,15.409376,74.952333
507,507,2023-10-12 16:08:00,2023-10-12 18:43:00,Beat-4,15.115427,76.938423
508,508,2022-12-25 02:29:00,2022-12-25 03:45:00,Beat-5,15.572263,75.0776
509,509,2022-11-17 07:47:00,2022-11-17 08:06:00,Beat-6,12.389156,76.596618
510,510,2023-06-16 16:53:00,2023-06-16 19:12:00,Beat-7,12.262754,76.730465
511,511,2020-10-30 05:52:00,2020-10-30 09:41:00,Beat-8,13.302388,77.106505
512,512,2025-08-04 19:51:00,2025-08-04 20:24:00,Beat-9,12.393628,76.695505
513,513,2020-02-01 20:08:00,2020-02-01 23:42:00,Beat-10,12.959983,76.016005
514,514,2020-10-24 15:33:00,2020-10-24 18:30:00,Beat-11,12.772004,74.883449
515,515,2024-12-25 08:40:00,2024-12-25 10:40:00,Beat-12,12.761271,74.884422
516,516,2023-07-18 16:27:00,2023-07-18 19:31:00,Beat-13,15.511499,75.061601
517,517,2021-02-05 07:03:00,2021-02-05 10:02:00,Beat-14,15.799336,74.387933
518,518,2022-12-03 23:09:00,2022-12-04 03:05:00,Beat-15,13.06677,77.502481
519,519,2025-01-10 02:26:00,2025-01-10 05:05:00,Beat-16,12.783164,75.032807
520,520,2025-09-20 13:46:00,2025-09-20 15:47:00,Beat-17,17.266143,76.805044
521,521,2025-12-12 08:25:00,2025-12-12 09:52:00,Beat-18,13.993272,75.582153
522,522,2020-10-21 08:08:00,2020-10-21 09:20:00,Beat-1,12.975671,77.619718
523,523,2023-08-02 17:38:00,2023-08-02 20:50:00,Beat-2,15.77264,74.412361
524,524,2022-04-18 12:17:00,2022-04-18 15:01:00,Beat-3,12.914998,74.92689
525,525,2021-11-19 21:05:00,2021-11-19 21:37:00,Beat-4,13.039669,77.691748
526,526,2021-05-11 04:35:00,2021-05-11 07:36:00,Beat-5,15.383057,74.97886
527,527,2022-11-16 15:35:00,2022-11-16 18:44:00,Beat-6,17.232084,76.810818
528,528,2023-08-07 12:56:00,2023-08-07 14:08:00,Beat-7,13.264898,77.092752
529,529,2020-09-07 20:18:00,2020-09-07 23:53:00,Beat-8,13.058208,76.164107
530,530,2021-02-16 16:07:00,2021-02-16 19:03:00,Beat-9,13.990661,75.542938
531,531,2022-08-27 05:04:00,2022-08-27 05:45:00,Beat-10,13.260207,77.482703
532,532,2020-08-01 02:46:00,2020-08-01 05:39:00,Beat-11,13.348506,77.094868
533,533,2020-11-18 11:20:00,2020-11-18 13:38:00,Beat-12,13.354474,77.054373
534,534,2022-02-21 07:41:00,2022-02-21 08:56:00,Beat-13,13.393808,77.12574
535,535,2022-11-27 17:17:00,2022-11-27 19:04:00,Beat-14,12.821236,74.951449
536,536,2024-02-03 02:30:00,2024-02-03 03:37:00,Beat-15,13.020951,76.09509
537,537,2020-12-20 00:18:00,2020-12-20 02:15:00,Beat-16,15.804963,74.416764
538,538,2020-11-07 20:40:00,2020-11-07 21:03:00,Beat-17,13.003623,77.533042
539,539,2022-10-14 08:07:00,2022-10-14 09:26:00,Beat-18,15.095937,76.982081
540,540,2021-11-13 01:28:00,2021-11-13 04:45:00,Beat-1,12.995622,77.486578
541,541,2024-12-12 11:28:00,2024-12-12 13:04:00,Beat-2,15.382236,74.952027
542,542,2025-04-22 03:07:00,2025-04-22 05:42:00,Beat-3,12.398653,76.630747
543,543,2023-05-23 05:36:00,2023-05-23 07:33:00,Beat-4,17.30377,76.79364
544,544,2020-07-07 20:08:00,2020-07-07 21:48:00,Beat-5,13.139083,77.52136
545,545,2020-07-31 23:52:00,2020-08-01 03:11:00,Beat-6,12.319207,76.689289
546,546,2025-02-18 19:44:00,2025-02-18 21:48:00,Beat-7,15.070424,76.974028
547,547,2022-10-26 22:32:00,2022-10-26 23:23:00,Beat-8,12.898722,77.543422
548,548,2024-09-05 21:26:00,2024-09-06 00:15:00,Beat-9,13.27073,77.068147
549,549,2019-12-29 00:17:00,2019-12-29 01:41:00,Beat-10,13.249467,74.735177
550,550,2021-05-20 10:42:00,2021-05-20 11:27:00,Beat-11,13.386731,77.111133
551,551,2021-02-01 02:32:00,2021-02-01 05:54:00,Beat-12,15.188813,76.913369
552,552,2020-06-17 11:12:00,2020-06-17 13:53:00,Beat-13,13.11501,77.555005
553,553,2025-02-06 21:02:00,2025-02-06 22:42:00,Beat-14,12.864979,74.926493
554,554,2025-09-25 20:36:00,2025-09-26 00:23:00,Beat-15,13.360635,74.763312
555,555,2023-02-13 17:46:00,2023-02-13 20:09:00,Beat-16,12.748669,74.950869
556,556,2023-07-02 10:04:00,2023-07-02 13:54:00,Beat-17,12.40042,76.729882
557,557,2023-07-24 10:08:00,2023-07-24 13:49:00,Beat-18,17.404112,76.860252
558,558,2021-10-26 23:09:00,2021-10-26 23:51:00,Beat-1,13.328313,77.114895
559,559,2021-09-29 04:26:00,2021-09-29 05:58:00,Beat-2,12.285626,76.711798
560,560,2022-02-23 01:45:00,2022-02-23 05:33:00,Beat-3,13.297478,77.103121
561,561,2025-02-04 03:24:00,2025-02-04 03:41:00,Beat-4,13.340462,77.137103
562,562,2023-01-20 14:47:00,2023-01-20 17:11:00,Beat-5,12.936133,77.616044
563,563,2020-05-02 16:58:00,2020-05-02 18:43:00,Beat-6,13.04338,77.57488
564,564,2025-11-15 00:29:00,2025-11-15 03:13:00,Beat-7,13.060331,76.160773
565,565,2022-11-08 21:55:00,2022-11-08 23:51:00,Beat-8,13.004382,76.09219
566,566,2025-08-15 20:55:00,2025-08-15 23:38:00,Beat-9,13.000128,77.542672
567,567,2022-05-05 14:22:00,2022-05-05 18:18:00,Beat-10,15.373268,74.97264
568,568,2024-06-14 22:39:00,2024-06-14 23:44:00,Beat-11,15.935147,74.469334
569,569,2025-09-26 08:38:00,2025-09-26 11:05:00,Beat-12,12.785648,74.964385
570,570,2021-08-06 09:08:00,2021-08-06 11:55:00,Beat-13,12.921792,77.609915
571,571,2023-08-01 06:00:00,2023-08-01 08:03:00,Beat-14,15.750079,74.480699
572,572,2020-10-14 01:33:00,2020-10-14 02:58:00,Beat-15,15.048806,76.938595
573,573,2024-12-15 17:55:00,2024-12-15 20:04:00,Beat-16,12.280432,76.688725
574,574,2022-10-21 00:52:00,2022-10-21 02:49:00,Beat-17,17.293427,76.816038
575,575,2022-11-25 10:57:00,2022-11-25 12:43:00,Beat-18,13.210981,77.48594
576,576,2021-07-31 23:21:00,2021-08-01 01:25:00,Beat-1,15.34548,74.994143
577,577,2024-06-14 04:21:00,2024-06-14 06:53:00,Beat-2,15.556064,75.064402
578,578,2020-05-23 05:08:00,2020-05-23 08:06:00,Beat-3,12.877786,74.971808
579,579,2021-06-19 15:15:00,2021-06-19 18:23:00,Beat-4,13.229651,77.496872
580,580,2023-03-25 22:23:00,2023-03-26 02:12:00,Beat-5,15.366068,74.93589
581,581,2025-10-12 13:18:00,2025-10-12 15:53:00,Beat-6,12.971021,76.188761
582,582,2023-07-13 07:37:00,2023-07-13 09:48:00,Beat-7,17.294993,76.744687
583,583,2022-09-25 09:48:00,2022-09-25 11:28:00,Beat-8,15.37924,74.954846
584,584,2020-07-14 13:51:00,2020-07-14 16:54:00,Beat-9,12.944092,77.551851
585,585,2022-04-21 01:25:00,2022-04-21 03:49:00,Beat-10,15.775052,74.491379
586,586,2025-05-19 05:50:00,2025-05-19 07:34:00,Beat-11,15.916473,74.563548
587,587,2021-12-13 09:48:00,2021-12-13 13:11:00,Beat-12,15.942574,74.558957
588,588,2024-03-06 09:24:00,2024-03-06 09:43:00,Beat-13,15.807715,74.456369
589,589,2022-07-05 02:07:00,2022-07-05 03:04:00,Beat-14,12.404652,76.627393
590,590,2022-06-10 07:56:00,2022-06-10 10:32:00,Beat-15,12.300154,76.711965
591,591,2022-10-18 22:01:00,2022-10-19 00:54:00,Beat-16,13.000909,77.621212
592,592,2025-10-29 11:12:00,2025-10-29 15:07:00,Beat-17,13.403682,74.839398
593,593,2024-09-01 05:10:00,2024-09-01 06:51:00,Beat-18,13.070039,76.167342
594,594,2020-09-02 04:36:00,2020-09-02 06:42:00,Beat-1,13.016045,76.040656
595,595,2023-01-24 05:47:00,2023-01-24 08:10:00,Beat-2,13.004167,76.053653
596,596,2020-01-12 20:19:00,2020-01-12 21:20:00,Beat-3,12.32732,76.65407
597,597,2020-12-24 11:17:00,2020-12-24 15:00:00,Beat-4,12.946211,76.180075
598,598,2023-04-03 09:40:00,2023-04-03 12:51:00,Beat-5,13.999403,75.58059
599,599,2024-09-17 23:18:00,2024-09-18 00:25:00,Beat-6,15.797845,74.455828
600,600,2022-05-12 15:32:00,2022-05-12 17:47:00,Beat-7,12.946908,74.93943
601,601,2021-10-29 23:19:00,2021-10-30 00:53:00,Beat-8,13.301159,74.761954
602,602,2024-05-23 06:05:00,2024-05-23 08:45:00,Beat-9,15.397914,75.029907
603,603,2021-06-19 09:28:00,2021-06-19 12:23:00,Beat-10,15.889044,74.514382
604,604,2024-01-29 17:00:00,2024-01-29 19:55:00,Beat-11,15.767954,74.434716
605,605,2025-02-01 06:51:00,2025-02-01 09:09:00,Beat-12,13.26813,77.524231
606,606,2020-10-23 20:07:00,2020-10-23 23:55:00,Beat-13,12.992857,77.565229
607,607,2024-02-14 16:37:00,2024-02-14 18:50:00,Beat-14,12.967289,77.615754
608,608,2022-08-26 05:18:00,2022-08-26 07:14:00,Beat-15,12.975985,76.130208
609,609,2025-09-14 19:23:00,2025-09-14 23:11:00,Beat-16,15.886333,74.595492
610,610,2024-06-03 07:19:00,2024-06-03 10:55:00,Beat-17,15.547413,75.085277
611,611,2020-04-24 02:55:00,2020-04-24 04:15:00,Beat-18,15.224505,76.934263
612,612,2025-11-17 17:03:00,2025-11-17 20:42:00,Beat-1,13.327047,74.730022
613,613,2023-06-16 05:02:00,2023-06-16 05:48:00,Beat-2,15.508582,75.082738
614,614,2020-04-02 18:11:00,2020-04-02 20:27:00,Beat-3,17.363762,76.876532
615,615,2024-06-09 05:18:00,2024-06-09 07:20:00,Beat-4,13.071129,76.158888
616,616,2021-12-23 03:03:00,2021-12-23 03:24:00,Beat-5,15.109358,76.979108
617,617,2020-05-12 19:43:00,2020-05-12 23:36:00,Beat-6,13.26247,77.10359
618,618,2022-07-17 18:51:00,2022-07-17 22:21:00,Beat-7,13.006602,77.562641
619,619,2021-03-28 16:57:00,2021-03-28 19:09:00,Beat-8,13.008491,76.001764
620,620,2025-03-09 21:12:00,2025-03-10 00:15:00,Beat-9,15.428803,74.973714
621,621,2021-04-27 20:19:00,2021-04-27 20:55:00,Beat-10,17.242487,76.771578
622,622,2024-04-18 08:43:00,2024-04-18 11:44:00,Beat-11,13.157386,77.51775
623,623,2024-08-24 20:32:00,2024-08-24 23:52:00,Beat-12,12.991274,77.557539
624,624,2022-12-29 23:41:00,2022-12-30 03:11:00,Beat-13,13.963054,75.553109
625,625,2021-10-24 16:26:00,2021-10-24 19:02:00,Beat-14,13.290472,77.106901
626,626,2020-09-30 09:16:00,2020-09-30 10:35:00,Beat-15,15.107944,77.000455
627,627,2020-10-14 06:54:00,2020-10-14 07:29:00,Beat-16,12.400209,76.550711
628,628,2024-04-01 19:47:00,2024-04-01 21:16:00,Beat-17,15.033097,76.809794
629,629,2023-09-02 11:12:00,2023-09-02 14:00:00,Beat-18,13.105394,77.478323
630,630,2025-10-21 02:24:00,2025-10-21 05:14:00,Beat-1,13.005663,77.681393
631,631,2023-12-20 09:33:00,2023-12-20 10:19:00,Beat-2,13.384659,77.038799
632,632,2025-04-26 06:01:00,2025-04-26 09:29:00,Beat-3,12.945595,77.533744
633,633,2022-02-20 04:12:00,2022-02-20 06:53:00,Beat-4,12.893545,74.96861
634,634,2025-04-06 23:01:00,2025-04-07 02:53:00,Beat-5,15.865574,74.539757
635,635,2024-04-23 19:10:00,2024-04-23 20:39:00,Beat-6,13.390521,77.056025
636,636,2020-01-18 20:23:00,2020-01-18 22:49:00,Beat-7,12.90641,77.56125
637,637,2021-05-11 07:12:00,2021-05-11 08:30:00,Beat-8,13.221639,74.798211
638,638,2025-10-04 07:58:00,2025-10-04 10:16:00,Beat-9,12.336503,76.665486
639,639,2024-10-01 09:06:00,2024-10-01 10:52:00,Beat-10,15.429699,74.990793
640,640,2025-04-18 04:58:00,2025-04-18 07:44:00,Beat-11,15.093438,76.941552
641,641,2025-03-07 09:50:00,2025-03-07 13:33:00,Beat-12,12.919414,77.564198
642,642,2024-09-09 15:18:00,2024-09-09 16:09:00,Beat-13,13.348507,74.775025
643,643,2025-07-04 17:59:00,2025-07-04 19:12:00,Beat-14,15.877492,74.417647
644,644,2021-03-26 03:39:00,2021-03-26 05:59:00,Beat-15,12.96201,76.079145
645,645,2024-01-21 06:57:00,2024-01-21 08:28:00,Beat-16,12.942425,77.542071
646,646,2022-11-01 00:25:00,2022-11-01 00:58:00,Beat-17,12.894528,77.564554
647,647,2023-06-15 13:23:00,2023-06-15 15:48:00,Beat-18,13.304939,77.091996
648,648,2022-06-02 03:14:00,2022-06-02 04:36:00,Beat-1,13.348191,77.077301
649,649,2023-05-04 15:34:00,2023-05-04 17:13:00,Beat-2,12.858142,75.01308
650,650,2023-11-19 00:38:00,2023-11-19 01:37:00,Beat-3,12.923176,74.979264
651,651,2021-01-25 17:05:00,2021-01-25 20:32:00,Beat-4,12.417583,76.687745
652,652,2025-07-31 11:01:00,2025-07-31 11:56:00,Beat-5,13.338904,74.685611
653,653,2024-10-01 10:35:00,2024-10-01 12:48:00,Beat-6,13.379144,77.056944
654,654,2024-07-14 13:40:00,2024-07-14 17:25:00,Beat-7,13.32184,77.12131
655,655,2023-01-11 18:05:00,2023-01-11 19:42:00,Beat-8,13.259673,77.525389
656,656,2021-11-07 01:16:00,2021-11-07 02:43:00,Beat-9,13.343899,77.082351
657,657,2021-09-09 03:10:00,2021-09-09 05:35:00,Beat-10,12.336754,76.684519
658,658,2023-08-30 08:05:00,2023-08-30 10:13:00,Beat-11,12.41368,76.71956
659,659,2020-07-16 00:38:00,2020-07-16 04:38:00,Beat-12,13.316673,74.705503
660,660,2025-10-23 10:44:00,2025-10-23 11:09:00,Beat-13,12.972909,76.023579
661,661,2023-03-01 01:21:00,2023-03-01 04:13:00,Beat-14,13.255943,77.443439
662,662,2024-12-15 02:20:00,2024-12-15 04:21:00,Beat-15,12.746747,74.889153
663,663,2023-01-02 14:23:00,2023-01-02 16:15:00,Beat-16,12.270507,76.633891
664,664,2025-02-06 08:17:00,2025-02-06 10:13:00,Beat-17,12.851884,74.942251
665,665,2024-02-01 13:52:00,2024-02-01 15:09:00,Beat-18,15.054924,76.848886
666,666,2025-03-26 01:36:00,2025-03-26 03:27:00,Beat-1,13.382257,74.778328
667,667,2024-07-12 11:09:00,2024-07-12 12:16:00,Beat-2,13.010002,76.02606
668,668,2022-08-20 18:36:00,2022-08-20 19:58:00,Beat-3,12.96484,76.18416
669,669,2024-08-09 06:43:00,2024-08-09 09:20:00,Beat-4,13.056203,77.58864
670,670,2025-01-03 23:02:00,2025-01-03 23:55:00,Beat-5,13.048488,76.214235
671,671,2024-03-19 06:54:00,2024-03-19 07:54:00,Beat-6,12.803929,75.003884
672,672,2020-06-04 16:30:00,2020-06-04 20:17:00,Beat-7,12.393519,76.607996
673,673,2022-02-28 17:48:00,2022-02-28 20:50:00,Beat-8,13.018305,77.657189
674,674,2020-02-11 05:42:00,2020-02-11 08:21:00,Beat-9,13.243698,74.736605
675,675,2020-10-17 11:38:00,2020-10-17 13:55:00,Beat-10,12.312863,76.670455
676,676,2025-10-20 22:42:00,2025-10-21 02:36:00,Beat-11,13.915944,75.639405
677,677,2025-08-29 09:28:00,2025-08-29 12:55:00,Beat-12,12.78749,74.970919
678,678,2021-09-27 07:33:00,2021-09-27 10:10:00,Beat-13,15.904446,74.529145
679,679,2024-04-18 21:09:00,2024-04-18 21:44:00,Beat-14,15.89645,74.399068
680,680,2024-06-24 12:26:00,2024-06-24 14:15:00,Beat-15,17.27972,76.822772
681,681,2025-01-20 15:31:00,2025-01-20 18:40:00,Beat-16,12.96441,77.561223
682,682,2023-11-11 04:24:00,2023-11-11 06:14:00,Beat-17,12.841103,75.001763
683,683,2025-09-24 02:59:00,2025-09-24 03:21:00,Beat-18,13.043773,76.178002
684,684,2020-06-29 10:18:00,2020-06-29 10:40:00,Beat-1,17.261032,76.74943
685,685,2023-07-05 10:16:00,2023-07-05 11:33:00,Beat-2,12.940296,76.211599
686,686,2021-05-29 13:48:00,2021-05-29 16:39:00,Beat-3,17.214612,76.805274
687,687,2024-12-31 15:05:00,2024-12-31 15:55:00,Beat-4,15.414123,74.943101
688,688,2024-01-01 00:55:00,2024-01-01 01:34:00,Beat-5,13.310392,74.671397
689,689,2021-12-26 19:57:00,2021-12-26 21:59:00,Beat-6,12.822757,74.930872
690,690,2020-02-18 01:46:00,2020-02-18 05:18:00,Beat-7,12.806124,75.002886
691,691,2022-07-17 05:11:00,2022-07-17 08:07:00,Beat-8,12.923338,77.548908
692,692,2024-07-25 10:54:00,2024-07-25 12:11:00,Beat-9,13.062384,76.155184
693,693,2020-11-24 14:26:00,2020-11-24 16:07:00,Beat-10,12.368101,76.567421
694,694,2025-01-12 02:11:00,2025-01-12 05:34:00,Beat-11,13.302263,77.05836
695,695,2020-08-18 15:53:00,2020-08-18 19:07:00,Beat-12,12.931168,75.021847
696,696,2025-07-26 07:54:00,2025-07-26 08:33:00,Beat-13,13.287862,77.056869
697,697,2023-04-08 23:48:00,2023-04-09 00:06:00,Beat-14,15.829115,74.453028
698,698,2022-09-07 13:29:00,2022-09-07 15:28:00,Beat-15,13.167242,77.548739
699,699,2023-11-05 17:52:00,2023-11-05 20:53:00,Beat-16,13.349051,74.752173
700,700,2020-10-19 11:23:00,2020-10-19 15:19:00,Beat-17,15.834051,74.502174
701,701,2021-01-29 05:04:00,2021-01-29 08:36:00,Beat-18,12.271751,76.705731
702,702,2020-11-04 23:45:00,2020-11-05 02:01:00,Beat-1,15.769188,74.503583
703,703,2021-03-24 08:39:00,2021-03-24 10:00:00,Beat-2,17.299967,76.840538
704,704,2024-03-06 06:33:00,2024-03-06 08:14:00,Beat-3,12.918623,77.559797
705,705,2021-08-09 08:26:00,2021-08-09 10:34:00,Beat-4,13.96137,75.592087
706,706,2021-09-03 02:46:00,2021-09-03 05:44:00,Beat-5,12.364322,76.656621
707,707,2025-06-06 10:51:00,2025-06-06 14:37:00,Beat-6,12.872622,74.927189
708,708,2025-09-28 06:24:00,2025-09-28 08:43:00,Beat-7,12.92423,77.4909
709,709,2020-04-16 07:59:00,2020-04-16 11:47:00,Beat-8,12.948373,76.034468
710,710,2020-07-15 01:16:00,2020-07-15 02:09:00,Beat-9,15.825677,74.395637
711,711,2024-04-08 20:05:00,2024-04-08 22:20:00,Beat-10,13.383874,74.735984
712,712,2020-03-30 19:38:00,2020-03-30 21:46:00,Beat-11,13.167837,77.514903
713,713,2021-06-20 09:16:00,2021-06-20 12:21:00,Beat-12,17.424695,76.850802
714,714,2021-11-04 22:51:00,2021-11-04 23:21:00,Beat-13,13.000925,76.164343
715,715,2020-10-23 04:01:00,2020-10-23 06:38:00,Beat-14,12.304555,76.668103
716,716,2020-08-19 16:08:00,2020-08-19 16:28:00,Beat-15,15.437293,75.020801
717,717,2022-11-23 18:32:00,2022-11-23 20:32:00,Beat-16,15.794325,74.459552
718,718,2022-07-13 13:09:00,2022-07-13 15:50:00,Beat-17,14.012558,75.583717
719,719,2024-01-26 08:22:00,2024-01-26 12:05:00,Beat-18,12.380684,76.651089
720,720,2023-09-05 05:31:00,2023-09-05 06:43:00,Beat-1,12.280182,76.685622
721,721,2023-11-08 05:19:00,2023-11-08 06:15:00,Beat-2,12.971261,76.156736
722,722,2025-03-05 00:02:00,2025-03-05 02:31:00,Beat-3,13.211064,77.459795
723,723,2020-03-11 19:07:00,2020-03-11 20:09:00,Beat-4,13.971765,75.556662
724,724,2024-07-03 14:46:00,2024-07-03 16:39:00,Beat-5,13.346929,77.125295
725,725,2022-08-16 01:12:00,2022-08-16 02:16:00,Beat-6,15.137944,76.932156
726,726,2022-04-19 10:43:00,2022-04-19 13:37:00,Beat-7,12.740205,74.9287
727,727,2022-07-06 05:22:00,2022-07-06 08:19:00,Beat-8,13.219486,77.54613
728,728,2022-02-26 08:47:00,2022-02-26 11:57:00,Beat-9,13.253717,77.531639
729,729,2023-10-27 14:05:00,2023-10-27 15:36:00,Beat-10,13.251806,77.531864
730,730,2025-01-19 20:57:00,2025-01-19 21:42:00,Beat-11,13.955615,75.577913
731,731,2020-07-05 15:26:00,2020-07-05 17:30:00,Beat-12,13.365281,77.05418
732,732,2020-03-13 10:18:00,2020-03-13 10:54:00,Beat-13,13.353952,77.050079
733,733,2020-09-05 00:07:00,2020-09-05 00:35:00,Beat-14,13.267666,77.469861
734,734,2021-08-19 02:49:00,2021-08-19 03:36:00,Beat-15,13.972923,75.583971
735,735,2024-01-31 03:31:00,2024-01-31 03:52:00,Beat-16,15.399922,75.026402
736,736,2024-03-24 06:14:00,2024-03-24 07:34:00,Beat-17,13.36779,77.069676
737,737,2021-10-03 01:48:00,2021-10-03 04:25:00,Beat-18,12.287405,76.619521
738,738,2021-12-21 17:32:00,2021-12-21 20:55:00,Beat-1,12.852809,75.022891
739,739,2023-06-04 07:14:00,2023-06-04 10:48:00,Beat-2,12.999267,76.153798
740,740,2022-02-15 22:54:00,2022-02-16 02:47:00,Beat-3,13.303127,77.133233
741,741,2023-08-17 20:56:00,2023-08-18 00:41:00,Beat-4,13.215225,77.450737
742,742,2023-06-18 03:21:00,2023-06-18 03:51:00,Beat-5,14.016604,75.514092
743,743,2021-12-13 07:17:00,2021-12-13 09:47:00,Beat-6,12.981381,76.14616
744,744,2022-12-04 12:30:00,2022-12-04 15:43:00,Beat-7,13.33874,77.094177
745,745,2023-11-10 16:16:00,2023-11-10 19:37:00,Beat-8,12.945667,74.986632
746,746,2024-12-23 06:58:00,2024-12-23 07:27:00,Beat-9,12.920953,77.659115
747,747,2024-10-22 07:48:00,2024-10-22 11:32:00,Beat-10,13.305248,77.447652
748,748,2024-04-27 23:07:00,2024-04-28 03:03:00,Beat-11,17.418651,76.875467
749,749,2023-01-04 18:40:00,2023-01-04 21:26:00,Beat-12,17.434206,76.825975
750,750,2020-11-26 02:34:00,2020-11-26 05:28:00,Beat-13,13.013424,76.063456
751,751,2024-05-07 08:46:00,2024-05-07 11:25:00,Beat-14,12.40922,76.730409
752,752,2022-10-19 03:51:00,2022-10-19 06:53:00,Beat-15,13.973806,75.541477
753,753,2024-12-24 21:49:00,2024-12-25 01:21:00,Beat-16,15.742518,74.505974
754,754,2023-07-08 21:57:00,2023-07-09 01:36:00,Beat-17,15.355452,74.974641
755,755,2023-05-11 22:33:00,2023-05-11 23:26:00,Beat-18,13.3382,74.80761
756,756,2021-07-21 15:35:00,2021-07-21 16:01:00,Beat-1,13.022222,77.501171
757,757,2025-10-11 07:35:00,2025-10-11 10:50:00,Beat-2,13.025949,77.560576
758,758,2024-12-17 13:40:00,2024-12-17 16:36:00,Beat-3,15.882762,74.45429
759,759,2024-05-05 16:55:00,2024-05-05 20:12:00,Beat-4,13.002261,77.584824
760,760,2020-04-15 22:31:00,2020-04-16 01:34:00,Beat-5,13.935783,75.574333
761,761,2023-12-02 11:42:00,2023-12-02 14:09:00,Beat-6,15.819575,74.469535
762,762,2020-10-14 05:16:00,2020-10-14 07:13:00,Beat-7,12.253927,76.737886
763,763,2025-01-20 09:16:00,2025-01-20 10:03:00,Beat-8,15.436456,75.000676
764,764,2024-11-07 06:18:00,2024-11-07 06:57:00,Beat-9,13.359873,77.039916
765,765,2023-01-20 06:03:00,2023-01-20 09:04:00,Beat-10,12.972538,77.668017
766,766,2025-09-01 03:40:00,2025-09-01 05:38:00,Beat-11,12.766787,74.950828
767,767,2024-11-02 21:17:00,2024-11-02 21:52:00,Beat-12,13.933978,75.544072
768,768,2023-08-10 17:30:00,2023-08-10 18:08:00,Beat-13,12.279543,76.661377
769,769,2023-04-26 11:09:00,2023-04-26 12:28:00,Beat-14,13.377722,77.062983
770,770,2021-09-04 20:03:00,2021-09-04 23:14:00,Beat-15,12.298648,76.717395
771,771,2020-11-23 12:29:00,2020-11-23 15:48:00,Beat-16,12.378932,76.629545
772,772,2020-08-22 15:43:00,2020-08-22 19:35:00,Beat-17,13.043193,77.628182
773,773,2022-12-01 05:40:00,2022-12-01 07:03:00,Beat-18,13.16724,77.494343
774,774,2023-07-29 04:27:00,2023-07-29 06:45:00,Beat-1,13.230223,77.483316
775,775,2024-06-18 01:33:00,2024-06-18 04:06:00,Beat-2,13.19705,77.550954
776,776,2023-07-30 11:40:00,2023-07-30 15:37:00,Beat-3,17.407784,76.871758
777,777,2023-07-09 00:12:00,2023-07-09 00:36:00,Beat-4,15.876157,74.413632
778,778,2021-03-02 01:43:00,2021-03-02 02:33:00,Beat-5,13.22865,77.506928
779,779,2020-06-07 21:10:00,2020-06-07 22:51:00,Beat-6,12.800484,74.899778
780,780,2021-02-06 21:55:00,2021-02-06 22:24:00,Beat-7,13.379457,74.868529
781,781,2022-11-26 07:30:00,2022-11-26 09:48:00,Beat-8,12.954578,77.610816
782,782,2025-12-22 15:11:00,2025-12-22 16:41:00,Beat-9,15.101984,76.957943
783,783,2025-03-08 04:49:00,2025-03-08 06:18:00,Beat-10,15.938523,74.58235
784,784,2023-06-06 22:54:00,2023-06-06 23:43:00,Beat-11,13.311955,77.077959
785,785,2020-01-13 19:57:00,2020-01-13 20:35:00,Beat-12,15.136158,76.932912
786,786,2022-09-07 19:22:00,2022-09-07 20:06:00,Beat-13,13.339719,77.115754
787,787,2021-03-02 05:12:00,2021-03-02 07:42:00,Beat-14,12.997858,77.704097
788,788,2021-12-01 02:08:00,2021-12-01 06:03:00,Beat-15,12.964919,76.187487
789,789,2020-12-18 23:48:00,2020-12-19 03:00:00,Beat-16,13.291176,77.123662
790,790,2022-10-14 01:29:00,2022-10-14 03:10:00,Beat-17,17.454013,76.885737
791,791,2025-04-13 10:18:00,2025-04-13 13:15:00,Beat-18,12.908532,77.598239
792,792,2020-02-21 19:27:00,2020-02-21 22:55:00,Beat-1,12.948472,77.571748
793,793,2025-03-31 18:32:00,2025-03-31 21:59:00,Beat-2,13.13305,77.540726
794,794,2025-10-07 12:21:00,2025-10-07 12:47:00,Beat-3,17.359403,76.878213
795,795,2023-12-04 00:39:00,2023-12-04 01:33:00,Beat-4,15.237955,76.916245
796,796,2022-03-02 12:39:00,2022-03-02 14:51:00,Beat-5,13.334519,77.051495
797,797,2025-03-15 07:19:00,2025-03-15 10:05:00,Beat-6,12.875508,77.557429
798,798,2024-01-19 22:44:00,2024-01-20 01:27:00,Beat-7,15.066492,76.889178
799,799,2021-12-11 21:22:00,2021-12-12 00:42:00,Beat-8,13.007603,77.553478
800,800,2025-07-14 06:47:00,2025-07-14 10:34:00,Beat-9,12.787494,74.884516
801,801,2023-03-23 21:54:00,2023-03-23 22:53:00,Beat-10,15.792231,74.473622
802,802,2023-08-23 11:57:00,2023-08-23 14:56:00,Beat-11,13.380841,77.106592
803,803,2021-08-02 17:40:00,2021-08-02 19:27:00,Beat-12,12.875947,77.564722
804,804,2023-01-06 13:44:00,2023-01-06 17:24:00,Beat-13,12.347,76.688701
805,805,2023-02-16 09:54:00,2023-02-16 11:49:00,Beat-14,13.973833,75.582142
806,806,2023-10-08 05:08:00,2023-10-08 08:46:00,Beat-15,15.795289,74.379436
807,807,2021-09-15 07:50:00,2021-09-15 10:06:00,Beat-16,12.752532,74.957522
808,808,2025-09-03 10:16:00,2025-09-03 10:55:00,Beat-17,12.325237,76.573959
809,809,2022-06-24 14:38:00,2022-06-24 17:08:00,Beat-18,13.184933,77.448548
810,810,2019-12-31 20:32:00,2019-12-31 21:30:00,Beat-1,12.919819,77.573828
811,811,2023-11-02 09:55:00,2023-11-02 11:49:00,Beat-2,13.006527,76.17597
812,812,2024-08-08 15:37:00,2024-08-08 17:35:00,Beat-3,13.120178,77.535134
813,813,2025-03-26 13:22:00,2025-03-26 15:42:00,Beat-4,12.962268,77.617526
814,814,2023-11-08 13:24:00,2023-11-08 14:25:00,Beat-5,15.447202,75.008528
815,815,2022-07-13 08:55:00,2022-07-13 11:46:00,Beat-6,13.027373,76.189108
816,816,2023-12-31 05:04:00,2023-12-31 07:45:00,Beat-7,13.052756,77.553864
817,817,2023-08-04 09:37:00,2023-08-04 09:59:00,Beat-8,15.883402,74.403282
818,818,2021-07-11 18:08:00,2021-07-11 19:26:00,Beat-9,13.378718,74.777437
819,819,2021-01-24 18:17:00,2021-01-24 22:01:00,Beat-10,15.437509,75.03749
820,820,2025-12-12 04:38:00,2025-12-12 08:07:00,Beat-11,15.078273,76.821745
821,821,2025-01-06 13:42:00,2025-01-06 14:37:00,Beat-12,12.921299,77.562716
822,822,2020-01-16 19:35:00,2020-01-16 21:09:00,Beat-13,12.91584,77.557402
823,823,2024-04-27 12:36:00,2024-04-27 15:39:00,Beat-14,12.367473,76.613473
824,824,2020-07-24 10:43:00,2020-07-24 11:31:00,Beat-15,12.269519,76.661247
825,825,2020-11-10 08:02:00,2020-11-10 11:55:00,Beat-16,12.758984,74.964667
826,826,2025-01-03 19:16:00,2025-01-03 19:43:00,Beat-17,12.280833,76.679178
827,827,2023-06-04 18:24:00,2023-06-04 21:25:00,Beat-18,15.047839,76.937067
828,828,2023-06-20 19:59:00,2023-06-20 23:16:00,Beat-1,13.017508,77.586417
829,829,2023-03-31 20:39:00,2023-03-31 23:10:00,Beat-2,15.760948,74.384609
830,830,2020-04-26 01:14:00,2020-04-26 02:56:00,Beat-3,12.348851,76.570098
831,831,2024-04-10 21:06:00,2024-04-10 21:56:00,Beat-4,12.748221,74.960408
832,832,2023-08-23 05:37:00,2023-08-23 06:19:00,Beat-5,13.149263,77.558257
833,833,2022-10-29 23:53:00,2022-10-30 03:35:00,Beat-6,12.992057,77.490986
834,834,2024-11-25 23:15:00,2024-11-26 00:11:00,Beat-7,17.252435,76.823843
835,835,2020-08-16 19:30:00,2020-08-16 20:01:00,Beat-8,13.036536,77.674345
836,836,2021-07-31 07:04:00,2021-07-31 08:21:00,Beat-9,13.008862,76.219318
837,837,2020-08-11 04:21:00,2020-08-11 07:57:00,Beat-10,17.296442,76.77016
838,838,2020-02-27 11:08:00,2020-02-27 13:41:00,Beat-11,13.258632,77.482714
839,839,2020-03-27 16:15:00,2020-03-27 18:30:00,Beat-12,13.353496,74.76322
840,840,2023-02-12 15:08:00,2023-02-12 15:59:00,Beat-13,13.978467,75.555303
841,841,2023-06-17 01:37:00,2023-06-17 03:09:00,Beat-14,15.921113,74.601881
842,842,2023-09-07 07:31:00,2023-09-07 10:04:00,Beat-15,12.93573,77.515701
843,843,2022-03-20 13:30:00,2022-03-20 17:01:00,Beat-16,13.339041,77.134599
844,844,2024-10-14 02:19:00,2024-10-14 04:31:00,Beat-17,13.994602,75.59106
845,845,2024-07-10 21:39:00,2024-07-11 01:17:00,Beat-18,12.993788,77.645625
846,846,2024-06-19 17:33:00,2024-06-19 19:49:00,Beat-1,13.980484,75.554028
847,847,2023-01-18 02:37:00,2023-01-18 05:41:00,Beat-2,15.855249,74.569962
848,848,2025-07-11 15:44:00,2025-07-11 16:44:00,Beat-3,12.928824,77.587434
849,849,2020-01-24 06:52:00,2020-01-24 09:22:00,Beat-4,12.891111,74.998087
850,850,2023-12-27 20:13:00,2023-12-27 21:21:00,Beat-5,15.488643,75.098172
851,851,2021-01-11 09:45:00,2021-01-11 13:39:00,Beat-6,12.77352,74.951396
852,852,2022-12-31 17:36:00,2022-12-31 19:08:00,Beat-7,13.345801,74.865161
853,853,2023-04-19 01:16:00,2023-04-19 02:33:00,Beat-8,12.997551,77.668748
854,854,2022-06-03 14:44:00,2022-06-03 15:19:00,Beat-9,15.17729,76.918125
855,855,2024-04-11 19:34:00,2024-04-11 20:19:00,Beat-10,12.884943,77.572405
856,856,2022-08-06 11:40:00,2022-08-06 13:20:00,Beat-11,12.363766,76.664337
857,857,2021-04-21 20:36:00,2021-04-21 22:32:00,Beat-12,13.327505,77.144932
858,858,2023-03-05 15:22:00,2023-03-05 17:57:00,Beat-13,12.813968,74.922392
859,859,2022-04-14 15:28:00,2022-04-14 17:07:00,Beat-14,12.831959,74.999606
860,860,2023-02-12 14:57:00,2023-02-12 15:27:00,Beat-15,12.993439,76.212603
861,861,2024-06-03 08:25:00,2024-06-03 09:19:00,Beat-16,13.317382,77.10246
862,862,2021-07-09 17:39:00,2021-07-09 21:27:00,Beat-17,15.520644,75.072441
863,863,2023-01-04 00:48:00,2023-01-04 01:53:00,Beat-18,15.929982,74.579672
864,864,2020-04-03 10:51:00,2020-04-03 12:53:00,Beat-1,12.995527,76.193481
865,865,2022-11-18 03:19:00,2022-11-18 05:22:00,Beat-2,15.559449,75.036261
866,866,2025-03-23 15:52:00,2025-03-23 17:57:00,Beat-3,15.108947,76.822574
867,867,2020-03-10 13:31:00,2020-03-10 14:34:00,Beat-4,12.961488,77.642178
868,868,2023-08-03 21:04:00,2023-08-04 00:38:00,Beat-5,12.777573,74.946204
869,869,2021-06-24 09:28:00,2021-06-24 11:37:00,Beat-6,15.182866,76.990468
870,870,2022-08-13 12:00:00,2022-08-13 12:19:00,Beat-7,13.019093,77.681446
871,871,2022-07-13 23:04:00,2022-07-14 00:49:00,Beat-8,12.986685,77.703848
872,872,2022-06-18 23:00:00,2022-06-19 01:03:00,Beat-9,13.024772,76.059993
873,873,2025-01-06 04:46:00,2025-01-06 05:04:00,Beat-10,15.058147,76.988189
874,874,2022-07-15 00:29:00,2022-07-15 03:26:00,Beat-11,12.39817,76.701924
875,875,2021-07-14 11:44:00,2021-07-14 15:21:00,Beat-12,12.879546,77.576367
876,876,2020-12-19 03:42:00,2020-12-19 04:46:00,Beat-13,15.014425,76.87035
877,877,2021-02-04 10:46:00,2021-02-04 13:33:00,Beat-14,17.233815,76.779533
878,878,2024-06-02 21:53:00,2024-06-03 00:54:00,Beat-15,13.346574,77.100568
879,879,2024-08-07 15:34:00,2024-08-07 16:49:00,Beat-16,15.085529,76.974025
880,880,2022-02-08 05:53:00,2022-02-08 09:00:00,Beat-17,13.018541,77.605754
881,881,2021-01-15 07:26:00,2021-01-15 09:17:00,Beat-18,13.023241,76.134197
882,882,2023-08-31 21:03:00,2023-08-31 23:29:00,Beat-1,12.332191,76.620551
883,883,2021-07-23 15:34:00,2021-07-23 16:42:00,Beat-2,13.349337,74.729161
884,884,2020-06-24 05:57:00,2020-06-24 09:49:00,Beat-3,12.900128,77.613276
885,885,2021-04-15 19:06:00,2021-04-15 22:13:00,Beat-4,15.030453,76.879432
886,886,2020-05-04 20:19:00,2020-05-04 20:39:00,Beat-5,13.327405,77.109703
887,887,2025-09-05 14:59:00,2025-09-05 17:20:00,Beat-6,17.246117,76.790546
888,888,2023-01-11 22:08:00,2023-01-12 00:35:00,Beat-7,12.850732,74.939563
889,889,2023-11-19 22:24:00,2023-11-19 23:47:00,Beat-8,13.961336,75.501625
890,890,2025-09-04 17:04:00,2025-09-04 18:45:00,Beat-9,15.386275,74.964984
891,891,2022-10-19 18:46:00,2022-10-19 21:37:00,Beat-10,15.784529,74.428913
892,892,2024-05-24 18:38:00,2024-05-24 19:12:00,Beat-11,12.93692,77.579359
893,893,2020-03-23 06:55:00,2020-03-23 07:29:00,Beat-12,13.283457,77.449041
894,894,2021-03-22 21:25:00,2021-03-23 00:45:00,Beat-13,15.905765,74.419856
895,895,2020-11-25 05:58:00,2020-11-25 06:21:00,Beat-14,12.348691,76.67866
896,896,2021-04-27 08:23:00,2021-04-27 11:15:00,Beat-15,17.426882,76.88271
897,897,2023-08-10 01:00:00,2023-08-10 03:32:00,Beat-16,13.328117,74.796559
898,898,2025-06-17 11:00:00,2025-06-17 14:53:00,Beat-17,15.401799,75.017725
899,899,2024-04-30 20:02:00,2024-04-30 20:18:00,Beat-18,13.032295,77.55343
900,900,2020-06-25 09:36:00,2020-06-25 11:34:00,Beat-1,15.545487,75.065499
