crime_offender_id,crime_id,offender_id,role
1,1,374,Accused
2,2,52,Accused
3,3,205,Accused
4,4,32,Accused
5,4,121,Accused
6,4,253,Accused
7,5,180,Accused
8,6,61,Accused
9,7,93,Accused
10,8,113,Accused
11,8,228,Accused
12,8,366,Accused
13,9,267,Accused
14,9,119,Accused
15,10,143,Accused
16,11,135,Accused
17,11,386,Accused
18,12,196,Accused
19,13,312,Accused
20,13,7,Accused
21,14,33,Accused
22,15,32,Accused
23,15,366,Accused
24,16,213,Accused
25,16,37,Accused
26,17,312,Accused
27,18,115,Accused
28,18,290,Accused
29,18,258,Accused
30,19,119,Accused
31,19,234,Accused
32,19,162,Accused
33,20,65,Accused
34,20,276,Accused
35,21,8,Accused
36,21,86,Accused
37,22,357,Accused
38,23,69,Accused
39,24,25,Accused
40,25,61,Accused
41,26,277,Accused
42,26,276,Accused
43,26,100,Accused
44,27,375,Accused
45,27,343,Accused
46,27,60,Accused
47,28,286,Accused
48,29,265,Accused
49,30,150,Accused
50,31,357,Accused
51,32,227,Accused
52,33,11,Accused
53,33,370,Accused
54,34,284,Accused
55,35,194,Accused
56,36,166,Accused
57,37,196,Accused
58,38,323,Accused
59,39,353,Accused
60,40,54,Accused
61,40,218,Accused
62,41,5,Accused
63,42,310,Accused
64,43,356,Accused
65,44,320,Accused
66,45,310,Accused
67,45,142,Accused
68,46,242,Accused
69,47,356,Accused
70,48,270,Accused
71,49,16,Accused
72,50,62,Accused
73,50,29,Accused
74,51,342,Accused
75,52,45,Accused
76,52,290,Accused
77,53,98,Accused
78,53,383,Accused
79,54,182,Accused
80,55,258,Accused
81,55,283,Accused
82,56,18,Accused
83,57,304,Accused
84,57,295,Accused
85,58,84,Accused
86,59,155,Accused
87,59,158,Accused
88,60,238,Accused
89,60,362,Accused
90,61,394,Accused
91,61,121,Accused
92,62,160,Accused
93,63,164,Accused
94,64,58,Accused
95,64,92,Accused
96,64,218,Accused
97,65,307,Accused
98,66,128,Accused
99,66,90,Accused
100,67,52,Accused
101,67,196,Accused
102,68,125,Accused
103,68,356,Accused
104,69,337,Accused
105,69,67,Accused
106,70,175,Accused
107,71,190,Accused
108,71,156,Accused
109,71,150,Accused
110,72,311,Accused
111,73,352,Accused
112,74,51,Accused
113,75,190,Accused
114,75,12,Accused
115,76,351,Accused
116,77,198,Accused
117,78,262,Accused
118,78,323,Accused
119,79,235,Accused
120,79,364,Accused
121,80,158,Accused
122,80,367,Accused
123,81,133,Accused
124,82,90,Accused
125,83,269,Accused
126,83,117,Accused
127,84,334,Accused
128,84,126,Accused
129,85,51,Accused
130,86,227,Accused
131,86,399,Accused
132,87,58,Accused
133,87,388,Accused
134,88,110,Accused
135,88,158,Accused
136,89,305,Accused
137,90,72,Accused
138,91,167,Accused
139,92,69,Accused
140,93,365,Accused
141,93,379,Accused
142,94,250,Accused
143,95,286,Accused
144,96,38,Accused
145,96,94,Accused
146,97,394,Accused
147,98,66,Accused
148,99,14,Accused
149,99,228,Accused
150,99,381,Accused
151,100,380,Accused
152,100,310,Accused
153,100,184,Accused
154,101,334,Accused
155,102,32,Accused
156,102,306,Accused
157,103,207,Accused
158,104,48,Accused
159,104,215,Accused
160,105,50,Accused
161,105,245,Accused
162,106,343,Accused
163,106,303,Accused
164,106,267,Accused
165,107,204,Accused
166,108,173,Accused
167,108,96,Accused
168,109,178,Accused
169,110,272,Accused
170,111,206,Accused
171,111,152,Accused
172,111,200,Accused
173,112,125,Accused
174,112,201,Accused
175,113,142,Accused
176,114,369,Accused
177,114,175,Accused
178,115,341,Accused
179,116,249,Accused
180,116,125,Accused
181,117,61,Accused
182,118,399,Accused
183,118,222,Accused
184,119,167,Accused
185,119,235,Accused
186,120,157,Accused
187,121,359,Accused
188,121,329,Accused
189,121,287,Accused
190,122,151,Accused
191,122,315,Accused
192,122,292,Accused
193,123,314,Accused
194,124,190,Accused
195,125,369,Accused
196,125,179,Accused
197,126,76,Accused
198,126,33,Accused
199,127,261,Accused
200,127,209,Accused
201,128,389,Accused
202,128,92,Accused
203,129,130,Accused
204,129,256,Accused
205,130,7,Accused
206,130,3,Accused
207,130,168,Accused
208,131,396,Accused
209,132,173,Accused
210,132,233,Accused
211,133,387,Accused
212,133,303,Accused
213,134,207,Accused
214,134,223,Accused
215,135,161,Accused
216,136,96,Accused
217,137,200,Accused
218,137,117,Accused
219,137,191,Accused
220,138,212,Accused
221,139,168,Accused
222,140,241,Accused
223,140,246,Accused
224,140,56,Accused
225,141,23,Accused
226,141,292,Accused
227,142,226,Accused
228,143,54,Accused
229,144,316,Accused
230,145,83,Accused
231,145,189,Accused
232,145,379,Accused
233,146,238,Accused
234,146,187,Accused
235,146,173,Accused
236,147,232,Accused
237,148,289,Accused
238,148,394,Accused
239,149,5,Accused
240,150,78,Accused
241,151,243,Accused
242,151,195,Accused
243,152,202,Accused
244,153,13,Accused
245,153,251,Accused
246,153,164,Accused
247,154,195,Accused
248,155,231,Accused
249,156,37,Accused
250,156,80,Accused
251,156,299,Accused
252,157,26,Accused
253,158,278,Accused
254,159,377,Accused
255,159,124,Accused
256,160,349,Accused
257,161,239,Accused
258,162,304,Accused
259,163,341,Accused
260,164,307,Accused
261,164,67,Accused
262,165,244,Accused
263,165,144,Accused
264,166,197,Accused
265,166,385,Accused
266,167,288,Accused
267,167,75,Accused
268,168,217,Accused
269,168,359,Accused
270,169,141,Accused
271,170,203,Accused
272,170,92,Accused
273,171,183,Accused
274,171,174,Accused
275,172,331,Accused
276,173,149,Accused
277,174,322,Accused
278,175,395,Accused
279,175,208,Accused
280,176,130,Accused
281,176,112,Accused
282,177,128,Accused
283,177,40,Accused
284,178,144,Accused
285,179,297,Accused
286,179,356,Accused
287,180,395,Accused
288,181,187,Accused
289,182,345,Accused
290,183,321,Accused
291,184,3,Accused
292,185,328,Accused
293,186,13,Accused
294,186,9,Accused
295,187,318,Accused
296,188,351,Accused
297,189,283,Accused
298,190,335,Accused
299,190,371,Accused
300,190,25,Accused
301,191,335,Accused
302,191,91,Accused
303,192,11,Accused
304,192,363,Accused
305,193,71,Accused
306,193,62,Accused
307,193,13,Accused
308,194,31,Accused
309,195,284,Accused
310,196,22,Accused
311,196,165,Accused
312,197,124,Accused
313,197,307,Accused
314,198,275,Accused
315,199,33,Accused
316,199,129,Accused
317,200,394,Accused
318,200,314,Accused
319,201,332,Accused
320,202,282,Accused
321,203,28,Accused
322,203,22,Accused
323,204,113,Accused
324,205,139,Accused
325,205,249,Accused
326,206,42,Accused
327,207,311,Accused
328,207,106,Accused
329,208,331,Accused
330,209,87,Accused
331,210,269,Accused
332,211,148,Accused
333,211,281,Accused
334,212,96,Accused
335,213,143,Accused
336,214,372,Accused
337,215,189,Accused
338,216,73,Accused
339,217,335,Accused
340,217,222,Accused
341,217,40,Accused
342,218,191,Accused
343,218,13,Accused
344,219,260,Accused
345,219,35,Accused
346,220,100,Accused
347,221,236,Accused
348,222,256,Accused
349,223,215,Accused
350,223,291,Accused
351,224,250,Accused
352,225,77,Accused
353,225,277,Accused
354,226,21,Accused
355,227,50,Accused
356,227,255,Accused
357,228,77,Accused
358,229,344,Accused
359,229,283,Accused
360,230,166,Accused
361,230,231,Accused
362,231,104,Accused
363,231,370,Accused
364,231,93,Accused
365,232,101,Accused
366,232,223,Accused
367,232,395,Accused
368,233,303,Accused
369,233,115,Accused
370,233,231,Accused
371,234,280,Accused
372,235,288,Accused
373,235,372,Accused
374,235,169,Accused
375,236,84,Accused
376,237,274,Accused
377,237,239,Accused
378,238,176,Accused
379,239,382,Accused
380,239,117,Accused
381,240,44,Accused
382,240,69,Accused
383,241,154,Accused
384,242,48,Accused
385,243,41,Accused
386,243,365,Accused
387,243,282,Accused
388,244,22,Accused
389,244,241,Accused
390,245,350,Accused
391,245,261,Accused
392,246,70,Accused
393,247,298,Accused
394,247,62,Accused
395,248,55,Accused
396,249,341,Accused
397,250,243,Accused
398,250,391,Accused
399,251,283,Accused
400,252,126,Accused
401,253,392,Accused
402,254,117,Accused
403,255,50,Accused
404,256,124,Accused
405,256,23,Accused
406,256,244,Accused
407,257,85,Accused
408,258,61,Accused
409,259,216,Accused
410,259,56,Accused
411,260,218,Accused
412,260,89,Accused
413,260,313,Accused
414,261,58,Accused
415,261,287,Accused
416,261,246,Accused
417,262,276,Accused
418,263,378,Accused
419,264,42,Accused
420,264,43,Accused
421,265,150,Accused
422,266,14,Accused
423,267,165,Accused
424,268,9,Accused
425,269,281,Accused
426,269,243,Accused
427,270,375,Accused
428,270,158,Accused
429,271,324,Accused
430,271,200,Accused
431,271,81,Accused
432,272,272,Accused
433,273,328,Accused
434,274,308,Accused
435,275,40,Accused
436,276,213,Accused
437,277,189,Accused
438,278,301,Accused
439,278,72,Accused
440,279,375,Accused
441,279,151,Accused
442,280,219,Accused
443,280,400,Accused
444,281,131,Accused
445,281,175,Accused
446,282,284,Accused
447,283,232,Accused
448,283,354,Accused
449,284,321,Accused
450,284,216,Accused
451,285,170,Accused
452,286,221,Accused
453,287,311,Accused
454,288,313,Accused
455,288,223,Accused
456,289,219,Accused
457,290,245,Accused
458,290,386,Accused
459,290,115,Accused
460,291,193,Accused
461,291,271,Accused
462,291,29,Accused
463,292,254,Accused
464,293,243,Accused
465,293,197,Accused
466,294,367,Accused
467,295,343,Accused
468,296,262,Accused
469,297,96,Accused
470,298,225,Accused
471,298,120,Accused
472,299,279,Accused
473,299,369,Accused
474,300,93,Accused
475,300,115,Accused
476,301,38,Accused
477,301,293,Accused
478,301,72,Accused
479,302,310,Accused
480,303,260,Accused
481,303,235,Accused
482,304,33,Accused
483,304,369,Accused
484,304,322,Accused
485,305,273,Accused
486,305,163,Accused
487,306,64,Accused
488,307,69,Accused
489,308,173,Accused
490,309,190,Accused
491,309,188,Accused
492,310,296,Accused
493,311,168,Accused
494,312,330,Accused
495,313,121,Accused
496,314,71,Accused
497,314,253,Accused
498,315,355,Accused
499,315,220,Accused
500,315,171,Accused
501,316,163,Accused
502,317,256,Accused
503,318,89,Accused
504,318,363,Accused
505,319,82,Accused
506,320,248,Accused
507,320,70,Accused
508,321,62,Accused
509,322,211,Accused
510,323,105,Accused
511,323,164,Accused
512,324,397,Accused
513,324,256,Accused
514,325,58,Accused
515,326,23,Accused
516,327,385,Accused
517,327,394,Accused
518,327,21,Accused
519,328,48,Accused
520,329,3,Accused
521,330,239,Accused
522,331,271,Accused
523,331,390,Accused
524,332,54,Accused
525,332,77,Accused
526,333,100,Accused
527,333,359,Accused
528,334,184,Accused
529,335,31,Accused
530,336,82,Accused
531,336,351,Accused
532,336,324,Accused
533,337,347,Accused
534,338,264,Accused
535,338,63,Accused
536,339,16,Accused
537,340,252,Accused
538,340,154,Accused
539,340,103,Accused
540,341,171,Accused
541,342,10,Accused
542,342,17,Accused
543,343,279,Accused
544,344,332,Accused
545,345,77,Accused
546,345,111,Accused
547,345,249,Accused
548,346,221,Accused
549,347,121,Accused
550,347,190,Accused
551,348,37,Accused
552,348,280,Accused
553,349,133,Accused
554,349,277,Accused
555,350,308,Accused
556,350,344,Accused
557,351,298,Accused
558,351,217,Accused
559,352,344,Accused
560,352,329,Accused
561,353,288,Accused
562,354,357,Accused
563,355,58,Accused
564,355,301,Accused
565,355,388,Accused
566,356,171,Accused
567,357,241,Accused
568,357,387,Accused
569,358,265,Accused
570,359,353,Accused
571,360,37,Accused
572,361,307,Accused
573,362,380,Accused
574,363,394,Accused
575,363,164,Accused
576,363,114,Accused
577,364,178,Accused
578,364,118,Accused
579,365,41,Accused
580,366,254,Accused
581,367,28,Accused
582,367,105,Accused
583,367,271,Accused
584,368,356,Accused
585,368,385,Accused
586,369,58,Accused
587,369,72,Accused
588,370,16,Accused
589,371,312,Accused
590,372,35,Accused
591,373,329,Accused
592,374,32,Accused
593,374,157,Accused
594,375,68,Accused
595,376,296,Accused
596,377,344,Accused
597,377,286,Accused
598,378,248,Accused
599,378,142,Accused
600,379,143,Accused
601,379,169,Accused
602,380,47,Accused
603,381,281,Accused
604,382,350,Accused
605,383,360,Accused
606,384,236,Accused
607,384,250,Accused
608,384,234,Accused
609,385,263,Accused
610,386,2,Accused
611,387,241,Accused
612,387,91,Accused
613,388,396,Accused
614,388,192,Accused
615,388,4,Accused
616,389,186,Accused
617,390,294,Accused
618,390,160,Accused
619,391,376,Accused
620,392,36,Accused
621,392,240,Accused
622,393,368,Accused
623,394,202,Accused
624,394,185,Accused
625,395,308,Accused
626,395,53,Accused
627,396,368,Accused
628,397,41,Accused
629,397,164,Accused
630,397,57,Accused
631,398,238,Accused
632,398,305,Accused
633,399,297,Accused
634,400,184,Accused
635,400,178,Accused
636,400,390,Accused
637,401,280,Accused
638,402,116,Accused
639,403,147,Accused
640,404,330,Accused
641,405,348,Accused
642,406,119,Accused
643,407,83,Accused
644,407,116,Accused
645,408,55,Accused
646,409,385,Accused
647,409,396,Accused
648,410,337,Accused
649,410,50,Accused
650,411,336,Accused
651,411,109,Accused
652,411,375,Accused
653,412,77,Accused
654,412,113,Accused
655,413,350,Accused
656,414,352,Accused
657,415,201,Accused
658,415,84,Accused
659,416,79,Accused
660,417,116,Accused
661,418,379,Accused
662,418,176,Accused
663,418,336,Accused
664,419,365,Accused
665,420,18,Accused
666,420,354,Accused
667,420,124,Accused
668,421,138,Accused
669,421,370,Accused
670,422,176,Accused
671,423,94,Accused
672,423,58,Accused
673,424,127,Accused
674,425,352,Accused
675,426,222,Accused
676,426,259,Accused
677,427,237,Accused
678,427,232,Accused
679,427,68,Accused
680,428,167,Accused
681,428,333,Accused
682,428,266,Accused
683,429,64,Accused
684,429,394,Accused
685,430,324,Accused
686,431,187,Accused
687,432,259,Accused
688,433,274,Accused
689,433,133,Accused
690,434,130,Accused
691,434,79,Accused
692,435,370,Accused
693,435,246,Accused
694,436,288,Accused
695,437,186,Accused
696,438,304,Accused
697,438,109,Accused
698,439,339,Accused
699,440,248,Accused
700,441,358,Accused
701,441,355,Accused
702,442,397,Accused
703,442,179,Accused
704,443,230,Accused
705,444,379,Accused
706,445,92,Accused
707,445,189,Accused
708,446,386,Accused
709,446,135,Accused
710,446,150,Accused
711,447,136,Accused
712,447,9,Accused
713,448,81,Accused
714,449,300,Accused
715,450,70,Accused
716,451,112,Accused
717,452,70,Accused
718,452,18,Accused
719,453,15,Accused
720,454,107,Accused
721,455,82,Accused
722,455,102,Accused
723,455,103,Accused
724,456,63,Accused
725,456,344,Accused
726,457,119,Accused
727,458,47,Accused
728,458,233,Accused
729,459,254,Accused
730,459,165,Accused
731,460,80,Accused
732,461,67,Accused
733,462,249,Accused
734,463,131,Accused
735,464,104,Accused
736,464,149,Accused
737,465,179,Accused
738,466,243,Accused
739,466,164,Accused
740,466,88,Accused
741,467,394,Accused
742,467,211,Accused
743,467,112,Accused
744,468,133,Accused
745,469,329,Accused
746,470,54,Accused
747,470,391,Accused
748,471,126,Accused
749,472,75,Accused
750,473,58,Accused
751,473,47,Accused
752,474,222,Accused
753,475,139,Accused
754,475,126,Accused
755,476,125,Accused
756,476,117,Accused
757,477,385,Accused
758,477,394,Accused
759,477,207,Accused
760,478,115,Accused
761,478,179,Accused
762,479,276,Accused
763,480,255,Accused
764,481,304,Accused
765,481,290,Accused
766,482,156,Accused
767,483,39,Accused
768,484,6,Accused
769,485,92,Accused
770,485,139,Accused
771,486,243,Accused
772,487,53,Accused
773,487,304,Accused
774,488,335,Accused
775,488,61,Accused
776,488,272,Accused
777,489,341,Accused
778,490,218,Accused
779,491,167,Accused
780,491,191,Accused
781,492,29,Accused
782,492,2,Accused
783,493,375,Accused
784,493,127,Accused
785,494,189,Accused
786,495,73,Accused
787,496,251,Accused
788,497,35,Accused
789,497,181,Accused
790,497,90,Accused
791,498,263,Accused
792,499,159,Accused
793,499,115,Accused
794,499,108,Accused
795,500,273,Accused
796,501,344,Accused
797,501,315,Accused
798,501,371,Accused
799,502,226,Accused
800,503,135,Accused
801,504,42,Accused
802,505,217,Accused
803,505,300,Accused
804,506,124,Accused
805,507,274,Accused
806,508,354,Accused
807,509,198,Accused
808,509,193,Accused
809,510,216,Accused
810,511,325,Accused
811,511,105,Accused
812,511,172,Accused
813,512,261,Accused
814,512,53,Accused
815,512,135,Accused
816,513,321,Accused
817,513,355,Accused
818,514,70,Accused
819,514,252,Accused
820,515,260,Accused
821,515,253,Accused
822,515,106,Accused
823,516,179,Accused
824,516,99,Accused
825,516,263,Accused
826,517,138,Accused
827,518,325,Accused
828,519,95,Accused
829,519,149,Accused
830,520,29,Accused
831,520,78,Accused
832,521,31,Accused
833,522,290,Accused
834,522,22,Accused
835,523,36,Accused
836,524,301,Accused
837,525,67,Accused
838,526,342,Accused
839,527,216,Accused
840,528,150,Accused
841,529,143,Accused
842,529,277,Accused
843,529,138,Accused
844,530,252,Accused
845,530,352,Accused
846,531,3,Accused
847,532,104,Accused
848,532,234,Accused
849,533,246,Accused
850,534,310,Accused
851,535,165,Accused
852,536,353,Accused
853,536,260,Accused
854,536,78,Accused
855,537,184,Accused
856,538,322,Accused
857,538,91,Accused
858,538,324,Accused
859,539,235,Accused
860,540,377,Accused
861,541,319,Accused
862,542,87,Accused
863,543,40,Accused
864,544,257,Accused
865,545,378,Accused
866,546,272,Accused
867,547,208,Accused
868,547,133,Accused
869,547,397,Accused
870,548,218,Accused
871,548,3,Accused
872,548,123,Accused
873,549,42,Accused
874,549,46,Accused
875,549,142,Accused
876,550,199,Accused
877,550,80,Accused
878,551,225,Accused
879,552,213,Accused
880,553,117,Accused
881,554,394,Accused
882,555,34,Accused
883,555,224,Accused
884,556,333,Accused
885,557,39,Accused
886,558,47,Accused
887,559,57,Accused
888,559,71,Accused
889,559,280,Accused
890,560,307,Accused
891,560,237,Accused
892,561,32,Accused
893,562,227,Accused
894,562,152,Accused
895,563,24,Accused
896,564,221,Accused
897,564,370,Accused
898,565,178,Accused
899,566,231,Accused
900,567,67,Accused
901,568,81,Accused
902,568,316,Accused
903,569,292,Accused
904,569,282,Accused
905,570,351,Accused
906,570,6,Accused
907,571,3,Accused
908,571,277,Accused
909,571,114,Accused
910,572,93,Accused
911,572,277,Accused
912,573,330,Accused
913,574,12,Accused
914,574,87,Accused
915,575,89,Accused
916,576,350,Accused
917,576,18,Accused
918,577,14,Accused
919,577,178,Accused
920,578,74,Accused
921,579,51,Accused
922,579,301,Accused
923,579,68,Accused
924,580,14,Accused
925,581,170,Accused
926,581,182,Accused
927,582,355,Accused
928,583,295,Accused
929,583,102,Accused
930,584,184,Accused
931,584,377,Accused
932,585,111,Accused
933,586,93,Accused
934,587,135,Accused
935,588,276,Accused
936,588,318,Accused
937,589,351,Accused
938,590,76,Accused
939,591,60,Accused
940,591,384,Accused
941,592,36,Accused
942,592,243,Accused
943,593,137,Accused
944,594,190,Accused
945,594,382,Accused
946,595,380,Accused
947,596,326,Accused
948,596,211,Accused
949,597,68,Accused
950,597,348,Accused
951,598,265,Accused
952,599,304,Accused
953,599,261,Accused
954,599,126,Accused
955,600,144,Accused
956,601,357,Accused
957,601,264,Accused
958,602,217,Accused
959,602,392,Accused
960,603,316,Accused
961,603,42,Accused
962,604,158,Accused
963,604,313,Accused
964,605,184,Accused
965,606,263,Accused
966,607,139,Accused
967,607,340,Accused
968,607,114,Accused
969,608,28,Accused
970,609,334,Accused
971,610,217,Accused
972,611,216,Accused
973,611,100,Accused
974,611,345,Accused
975,612,337,Accused
976,612,74,Accused
977,613,361,Accused
978,613,31,Accused
979,614,226,Accused
980,615,102,Accused
981,616,342,Accused
982,616,90,Accused
983,617,177,Accused
984,618,7,Accused
985,618,155,Accused
986,619,6,Accused
987,620,9,Accused
988,621,6,Accused
989,622,398,Accused
990,622,280,Accused
991,622,18,Accused
992,623,392,Accused
993,624,251,Accused
994,625,248,Accused
995,626,274,Accused
996,627,46,Accused
997,627,248,Accused
998,627,356,Accused
999,628,49,Accused
1000,628,165,Accused
1001,629,7,Accused
1002,629,368,Accused
1003,630,375,Accused
1004,630,21,Accused
1005,630,123,Accused
1006,631,145,Accused
1007,631,355,Accused
1008,631,224,Accused
1009,632,250,Accused
1010,632,22,Accused
1011,633,194,Accused
1012,633,52,Accused
1013,634,116,Accused
1014,635,294,Accused
1015,635,174,Accused
1016,636,155,Accused
1017,636,9,Accused
1018,637,329,Accused
1019,638,312,Accused
1020,639,238,Accused
1021,640,323,Accused
1022,641,316,Accused
1023,642,208,Accused
1024,642,9,Accused
1025,642,68,Accused
1026,643,32,Accused
1027,644,299,Accused
1028,644,28,Accused
1029,644,164,Accused
1030,645,166,Accused
1031,646,136,Accused
1032,647,133,Accused
1033,648,115,Accused
1034,648,370,Accused
1035,649,37,Accused
1036,650,354,Accused
1037,651,112,Accused
1038,652,161,Accused
1039,653,260,Accused
1040,653,86,Accused
1041,654,135,Accused
1042,654,211,Accused
1043,655,40,Accused
1044,656,303,Accused
1045,656,132,Accused
1046,657,358,Accused
1047,658,73,Accused
1048,659,190,Accused
1049,660,2,Accused
1050,661,260,Accused
1051,662,229,Accused
1052,663,3,Accused
1053,663,74,Accused
1054,663,104,Accused
1055,664,79,Accused
1056,664,109,Accused
1057,664,263,Accused
1058,665,311,Accused
1059,665,244,Accused
1060,666,354,Accused
1061,667,23,Accused
1062,668,273,Accused
1063,669,311,Accused
1064,670,85,Accused
1065,670,236,Accused
1066,671,240,Accused
1067,671,277,Accused
1068,672,320,Accused
1069,673,166,Accused
1070,674,309,Accused
1071,675,41,Accused
1072,676,336,Accused
1073,677,285,Accused
1074,678,212,Accused
1075,679,347,Accused
1076,680,248,Accused
1077,681,317,Accused
1078,681,229,Accused
1079,682,219,Accused
1080,682,153,Accused
1081,683,225,Accused
1082,684,36,Accused
1083,684,282,Accused
1084,685,183,Accused
1085,685,279,Accused
1086,686,147,Accused
1087,686,51,Accused
1088,687,208,Accused
1089,688,383,Accused
1090,689,21,Accused
1091,690,62,Accused
1092,690,141,Accused
1093,691,195,Accused
1094,691,112,Accused
1095,692,281,Accused
1096,692,166,Accused
1097,692,2,Accused
1098,693,387,Accused
1099,694,265,Accused
1100,695,27,Accused
1101,696,40,Accused
1102,696,281,Accused
1103,697,370,Accused
1104,697,37,Accused
1105,697,191,Accused
1106,698,49,Accused
1107,699,70,Accused
1108,700,132,Accused
1109,700,274,Accused
1110,701,65,Accused
1111,702,127,Accused
1112,702,224,Accused
1113,702,385,Accused
1114,703,197,Accused
1115,704,298,Accused
1116,705,149,Accused
1117,706,147,Accused
1118,706,211,Accused
1119,706,281,Accused
1120,707,202,Accused
1121,708,365,Accused
1122,709,325,Accused
1123,710,342,Accused
1124,711,87,Accused
1125,712,247,Accused
1126,712,337,Accused
1127,713,145,Accused
1128,714,318,Accused
1129,715,344,Accused
1130,716,9,Accused
1131,716,70,Accused
1132,717,110,Accused
1133,717,224,Accused
1134,717,244,Accused
1135,718,87,Accused
1136,718,128,Accused
1137,718,329,Accused
1138,719,86,Accused
1139,720,292,Accused
1140,721,234,Accused
1141,721,80,Accused
1142,722,93,Accused
1143,722,134,Accused
1144,722,21,Accused
1145,723,73,Accused
1146,724,80,Accused
1147,725,16,Accused
1148,726,277,Accused
1149,727,148,Accused
1150,727,241,Accused
1151,728,13,Accused
1152,728,345,Accused
1153,729,253,Accused
1154,729,191,Accused
1155,729,304,Accused
1156,730,35,Accused
1157,731,283,Accused
1158,732,5,Accused
1159,733,56,Accused
1160,734,337,Accused
1161,735,354,Accused
1162,736,91,Accused
1163,737,24,Accused
1164,738,193,Accused
1165,739,147,Accused
1166,740,379,Accused
1167,741,35,Accused
1168,741,65,Accused
1169,742,227,Accused
1170,743,213,Accused
1171,744,358,Accused
1172,745,292,Accused
1173,746,189,Accused
1174,747,226,Accused
1175,748,197,Accused
1176,749,351,Accused
1177,750,147,Accused
1178,750,177,Accused
1179,751,397,Accused
1180,751,125,Accused
1181,751,99,Accused
1182,752,267,Accused
1183,752,219,Accused
1184,753,279,Accused
1185,753,105,Accused
1186,754,147,Accused
1187,755,1,Accused
1188,755,40,Accused
1189,756,131,Accused
1190,757,159,Accused
1191,758,312,Accused
1192,759,217,Accused
1193,759,58,Accused
1194,760,330,Accused
1195,761,247,Accused
1196,761,172,Accused
1197,762,246,Accused
1198,763,98,Accused
1199,764,390,Accused
1200,765,152,Accused
1201,766,313,Accused
1202,767,145,Accused
1203,768,59,Accused
1204,769,173,Accused
1205,769,307,Accused
1206,770,259,Accused
1207,770,212,Accused
1208,771,304,Accused
1209,772,74,Accused
1210,773,30,Accused
1211,774,143,Accused
1212,775,263,Accused
1213,775,43,Accused
1214,776,46,Accused
1215,777,383,Accused
1216,777,158,Accused
1217,777,72,Accused
1218,778,337,Accused
1219,778,272,Accused
1220,779,354,Accused
1221,780,166,Accused
1222,781,64,Accused
1223,781,396,Accused
1224,781,226,Accused
1225,782,21,Accused
1226,783,73,Accused
1227,784,177,Accused
1228,784,77,Accused
1229,785,217,Accused
1230,785,72,Accused
1231,786,398,Accused
1232,787,182,Accused
1233,787,264,Accused
1234,788,161,Accused
1235,789,374,Accused
1236,790,389,Accused
1237,791,288,Accused
1238,792,34,Accused
1239,793,181,Accused
1240,794,367,Accused
1241,795,184,Accused
1242,796,244,Accused
1243,796,192,Accused
1244,797,43,Accused
1245,798,74,Accused
1246,799,30,Accused
1247,799,75,Accused
1248,800,57,Accused
1249,800,368,Accused
1250,801,248,Accused
1251,801,61,Accused
1252,801,348,Accused
1253,802,315,Accused
1254,803,184,Accused
1255,803,71,Accused
1256,804,398,Accused
1257,805,5,Accused
1258,806,341,Accused
1259,806,68,Accused
1260,807,282,Accused
1261,808,157,Accused
1262,809,335,Accused
1263,810,316,Accused
1264,811,196,Accused
1265,812,342,Accused
1266,812,195,Accused
1267,812,36,Accused
1268,813,262,Accused
1269,814,400,Accused
1270,815,330,Accused
1271,816,45,Accused
1272,817,70,Accused
1273,818,362,Accused
1274,818,161,Accused
1275,818,209,Accused
1276,819,109,Accused
1277,819,270,Accused
1278,820,354,Accused
1279,820,100,Accused
1280,821,398,Accused
1281,822,165,Accused
1282,823,362,Accused
1283,823,97,Accused
1284,823,208,Accused
1285,824,241,Accused
1286,824,307,Accused
1287,825,56,Accused
1288,826,362,Accused
1289,826,151,Accused
1290,827,8,Accused
1291,828,189,Accused
1292,828,4,Accused
1293,829,99,Accused
1294,830,330,Accused
1295,831,292,Accused
1296,831,178,Accused
1297,832,218,Accused
1298,833,314,Accused
1299,834,12,Accused
1300,834,296,Accused
1301,835,108,Accused
1302,836,379,Accused
1303,836,374,Accused
1304,836,313,Accused
1305,837,42,Accused
1306,837,14,Accused
1307,837,389,Accused
1308,838,352,Accused
1309,838,50,Accused
1310,838,197,Accused
1311,839,9,Accused
1312,839,331,Accused
1313,840,229,Accused
1314,841,265,Accused
1315,841,332,Accused
1316,842,44,Accused
1317,842,313,Accused
1318,843,383,Accused
1319,843,217,Accused
1320,843,111,Accused
1321,844,381,Accused
1322,844,25,Accused
1323,845,284,Accused
1324,845,310,Accused
1325,846,15,Accused
1326,846,386,Accused
1327,847,39,Accused
1328,848,370,Accused
1329,848,135,Accused
1330,849,134,Accused
1331,849,239,Accused
1332,849,15,Accused
1333,850,161,Accused
1334,851,250,Accused
1335,852,192,Accused
1336,852,9,Accused
1337,853,80,Accused
1338,854,86,Accused
1339,855,350,Accused
1340,855,359,Accused
1341,855,387,Accused
1342,856,396,Accused
1343,856,163,Accused
1344,856,274,Accused
1345,857,88,Accused
1346,858,367,Accused
1347,859,391,Accused
1348,860,33,Accused
1349,860,165,Accused
1350,861,380,Accused
1351,862,158,Accused
1352,863,258,Accused
1353,864,45,Accused
1354,864,382,Accused
1355,864,2,Accused
1356,865,238,Accused
1357,865,137,Accused
1358,866,329,Accused
1359,866,12,Accused
1360,866,362,Accused
1361,867,311,Accused
1362,867,175,Accused
1363,868,69,Accused
1364,869,71,Accused
1365,869,303,Accused
1366,870,370,Accused
1367,871,66,Accused
1368,872,321,Accused
1369,873,79,Accused
1370,874,246,Accused
1371,875,319,Accused
1372,876,317,Accused
1373,876,253,Accused
1374,877,26,Accused
1375,877,290,Accused
1376,877,106,Accused
1377,878,157,Accused
1378,878,396,Accused
1379,879,154,Accused
1380,880,79,Accused
1381,881,79,Accused
1382,882,11,Accused
1383,883,313,Accused
1384,884,158,Accused
1385,885,19,Accused
1386,886,73,Accused
1387,887,57,Accused
1388,887,64,Accused
1389,888,54,Accused
1390,889,397,Accused
1391,890,380,Accused
1392,891,126,Accused
1393,891,149,Accused
1394,892,236,Accused
1395,893,361,Accused
1396,894,24,Accused
1397,895,159,Accused
1398,895,85,Accused
1399,895,253,Accused
1400,896,341,Accused
1401,896,27,Accused
1402,897,73,Accused
1403,897,260,Accused
1404,898,280,Accused
1405,898,291,Accused
1406,899,267,Accused
1407,900,400,Accused
1408,901,87,Accused
1409,902,194,Accused
1410,902,74,Accused
1411,903,295,Accused
1412,904,11,Accused
1413,904,199,Accused
1414,905,52,Accused
1415,906,72,Accused
1416,906,90,Accused
1417,907,319,Accused
1418,907,328,Accused
1419,908,25,Accused
1420,909,253,Accused
1421,910,119,Accused
1422,911,159,Accused
1423,912,387,Accused
1424,913,149,Accused
1425,914,231,Accused
1426,915,351,Accused
1427,916,320,Accused
1428,917,228,Accused
1429,917,36,Accused
1430,918,351,Accused
1431,919,98,Accused
1432,919,175,Accused
1433,920,175,Accused
1434,921,68,Accused
1435,922,39,Accused
1436,923,40,Accused
1437,923,129,Accused
1438,924,3,Accused
1439,925,142,Accused
1440,926,27,Accused
1441,927,330,Accused
1442,928,55,Accused
1443,929,290,Accused
1444,930,228,Accused
1445,930,43,Accused
1446,931,280,Accused
1447,932,176,Accused
1448,933,332,Accused
1449,933,10,Accused
1450,933,329,Accused
1451,934,356,Accused
1452,935,364,Accused
1453,936,169,Accused
1454,937,87,Accused
1455,938,331,Accused
1456,939,384,Accused
1457,939,32,Accused
1458,940,353,Accused
1459,941,348,Accused
1460,941,107,Accused
1461,942,38,Accused
1462,943,332,Accused
1463,944,376,Accused
1464,945,201,Accused
1465,945,222,Accused
1466,945,119,Accused
1467,946,222,Accused
1468,946,122,Accused
1469,946,162,Accused
1470,947,217,Accused
1471,948,305,Accused
1472,949,180,Accused
1473,950,149,Accused
1474,950,230,Accused
1475,951,292,Accused
1476,952,173,Accused
1477,952,391,Accused
1478,953,108,Accused
1479,953,302,Accused
1480,954,286,Accused
1481,955,152,Accused
1482,955,303,Accused
1483,955,17,Accused
1484,956,145,Accused
1485,956,128,Accused
1486,957,212,Accused
1487,957,161,Accused
1488,957,139,Accused
1489,958,20,Accused
1490,959,323,Accused
1491,960,299,Accused
1492,960,286,Accused
1493,961,279,Accused
1494,962,63,Accused
1495,963,337,Accused
1496,963,347,Accused
1497,963,307,Accused
1498,964,288,Accused
1499,964,325,Accused
1500,964,54,Accused
1501,965,198,Accused
1502,966,233,Accused
1503,966,372,Accused
1504,967,383,Accused
1505,968,204,Accused
1506,968,124,Accused
1507,968,45,Accused
1508,969,205,Accused
1509,969,238,Accused
1510,969,307,Accused
1511,970,386,Accused
1512,971,19,Accused
1513,972,374,Accused
1514,972,209,Accused
1515,973,179,Accused
1516,973,110,Accused
1517,974,101,Accused
1518,975,296,Accused
1519,976,13,Accused
1520,977,119,Accused
1521,978,319,Accused
1522,979,395,Accused
1523,979,383,Accused
1524,980,352,Accused
1525,980,363,Accused
1526,981,36,Accused
1527,981,311,Accused
1528,982,15,Accused
1529,982,80,Accused
1530,983,35,Accused
1531,984,291,Accused
1532,984,165,Accused
1533,985,39,Accused
1534,985,159,Accused
1535,986,199,Accused
1536,986,358,Accused
1537,987,111,Accused
1538,987,75,Accused
1539,988,184,Accused
1540,988,251,Accused
1541,989,182,Accused
1542,990,296,Accused
1543,990,86,Accused
1544,991,279,Accused
1545,991,179,Accused
1546,991,77,Accused
1547,992,323,Accused
1548,992,203,Accused
1549,993,107,Accused
1550,993,354,Accused
1551,994,105,Accused
1552,995,106,Accused
1553,996,209,Accused
1554,997,63,Accused
1555,997,169,Accused
1556,998,30,Accused
1557,999,279,Accused
1558,1000,35,Accused
1559,1001,254,Accused
1560,1002,200,Accused
1561,1003,101,Accused
1562,1003,140,Accused
1563,1003,235,Accused
1564,1004,310,Accused
1565,1004,387,Accused
1566,1005,288,Accused
1567,1005,315,Accused
1568,1006,301,Accused
1569,1007,381,Accused
1570,1007,219,Accused
1571,1008,169,Accused
1572,1008,321,Accused
1573,1009,159,Accused
1574,1010,14,Accused
1575,1011,350,Accused
1576,1012,66,Accused
1577,1013,38,Accused
1578,1014,225,Accused
1579,1015,190,Accused
1580,1016,308,Accused
1581,1017,347,Accused
1582,1017,12,Accused
1583,1017,206,Accused
1584,1018,244,Accused
1585,1019,173,Accused
1586,1020,287,Accused
1587,1021,361,Accused
1588,1022,91,Accused
1589,1022,186,Accused
1590,1022,237,Accused
1591,1023,315,Accused
1592,1024,14,Accused
1593,1025,296,Accused
1594,1025,189,Accused
1595,1025,326,Accused
1596,1026,296,Accused
1597,1027,29,Accused
1598,1027,242,Accused
1599,1028,293,Accused
1600,1028,1,Accused
1601,1028,27,Accused
1602,1029,17,Accused
1603,1029,42,Accused
1604,1030,86,Accused
1605,1030,178,Accused
1606,1031,228,Accused
1607,1032,337,Accused
1608,1033,131,Accused
1609,1034,191,Accused
1610,1034,355,Accused
1611,1035,338,Accused
1612,1036,172,Accused
1613,1037,157,Accused
1614,1038,139,Accused
1615,1039,36,Accused
1616,1039,121,Accused
1617,1040,129,Accused
1618,1041,185,Accused
1619,1042,362,Accused
1620,1043,54,Accused
1621,1043,67,Accused
1622,1044,206,Accused
1623,1045,222,Accused
1624,1046,113,Accused
1625,1047,200,Accused
1626,1048,41,Accused
1627,1049,232,Accused
1628,1049,256,Accused
1629,1050,230,Accused
1630,1051,276,Accused
1631,1051,36,Accused
1632,1051,185,Accused
1633,1052,117,Accused
1634,1053,161,Accused
1635,1053,299,Accused
1636,1054,370,Accused
1637,1055,235,Accused
1638,1056,298,Accused
1639,1056,342,Accused
1640,1057,147,Accused
1641,1058,202,Accused
1642,1058,333,Accused
1643,1059,135,Accused
1644,1059,238,Accused
1645,1060,103,Accused
1646,1061,245,Accused
1647,1062,258,Accused
1648,1063,14,Accused
1649,1064,97,Accused
1650,1065,205,Accused
1651,1065,251,Accused
1652,1066,106,Accused
1653,1067,184,Accused
1654,1067,363,Accused
1655,1068,395,Accused
1656,1069,367,Accused
1657,1070,153,Accused
1658,1071,269,Accused
1659,1072,220,Accused
1660,1072,254,Accused
1661,1073,141,Accused
1662,1073,265,Accused
1663,1074,155,Accused
1664,1075,16,Accused
1665,1076,399,Accused
1666,1076,119,Accused
1667,1077,45,Accused
1668,1078,228,Accused
1669,1078,381,Accused
1670,1078,107,Accused
1671,1079,185,Accused
1672,1079,17,Accused
1673,1079,279,Accused
1674,1080,250,Accused
1675,1081,357,Accused
1676,1082,300,Accused
1677,1082,95,Accused
1678,1083,350,Accused
1679,1084,126,Accused
1680,1084,161,Accused
1681,1085,327,Accused
1682,1086,62,Accused
1683,1086,60,Accused
1684,1087,375,Accused
1685,1088,175,Accused
1686,1088,125,Accused
1687,1089,76,Accused
1688,1089,278,Accused
1689,1090,304,Accused
1690,1090,11,Accused
1691,1091,264,Accused
1692,1092,175,Accused
1693,1093,21,Accused
1694,1093,100,Accused
1695,1093,158,Accused
1696,1094,314,Accused
1697,1095,103,Accused
1698,1095,247,Accused
1699,1096,273,Accused
1700,1097,4,Accused
1701,1097,279,Accused
1702,1098,205,Accused
1703,1099,322,Accused
1704,1099,198,Accused
1705,1099,152,Accused
1706,1100,102,Accused
1707,1100,332,Accused
1708,1101,266,Accused
1709,1101,112,Accused
1710,1102,378,Accused
1711,1103,371,Accused
1712,1104,310,Accused
1713,1105,379,Accused
1714,1106,259,Accused
1715,1107,382,Accused
1716,1108,12,Accused
1717,1108,307,Accused
1718,1109,154,Accused
1719,1110,45,Accused
1720,1111,317,Accused
1721,1112,397,Accused
1722,1113,215,Accused
1723,1113,319,Accused
1724,1114,122,Accused
1725,1114,373,Accused
1726,1114,295,Accused
1727,1115,279,Accused
1728,1116,151,Accused
1729,1117,295,Accused
1730,1118,286,Accused
1731,1118,367,Accused
1732,1119,396,Accused
1733,1119,136,Accused
1734,1120,93,Accused
1735,1120,213,Accused
1736,1121,42,Accused
1737,1122,175,Accused
1738,1122,308,Accused
1739,1123,112,Accused
1740,1123,217,Accused
1741,1124,289,Accused
1742,1125,113,Accused
1743,1126,92,Accused
1744,1126,162,Accused
1745,1126,98,Accused
1746,1127,151,Accused
1747,1128,223,Accused
1748,1129,382,Accused
1749,1129,252,Accused
1750,1130,165,Accused
1751,1131,264,Accused
1752,1131,140,Accused
1753,1132,382,Accused
1754,1132,116,Accused
1755,1132,372,Accused
1756,1133,78,Accused
1757,1133,353,Accused
1758,1134,160,Accused
1759,1135,273,Accused
1760,1136,129,Accused
1761,1136,173,Accused
1762,1136,188,Accused
1763,1137,257,Accused
1764,1137,229,Accused
1765,1138,18,Accused
1766,1138,247,Accused
1767,1139,314,Accused
1768,1140,116,Accused
1769,1140,151,Accused
1770,1141,60,Accused
1771,1141,188,Accused
1772,1142,136,Accused
1773,1142,286,Accused
1774,1143,114,Accused
1775,1144,109,Accused
1776,1144,258,Accused
1777,1145,340,Accused
1778,1146,47,Accused
1779,1146,58,Accused
1780,1146,267,Accused
1781,1147,130,Accused
1782,1147,321,Accused
1783,1148,107,Accused
1784,1148,391,Accused
1785,1148,210,Accused
1786,1149,305,Accused
1787,1150,313,Accused
1788,1151,197,Accused
1789,1151,398,Accused
1790,1152,196,Accused
1791,1152,237,Accused
1792,1152,342,Accused
1793,1153,82,Accused
1794,1154,239,Accused
1795,1155,18,Accused
1796,1155,388,Accused
1797,1156,253,Accused
1798,1157,141,Accused
1799,1157,227,Accused
1800,1158,14,Accused
1801,1159,156,Accused
1802,1159,380,Accused
1803,1160,24,Accused
1804,1161,112,Accused
1805,1162,57,Accused
1806,1162,350,Accused
1807,1163,336,Accused
1808,1164,31,Accused
1809,1164,247,Accused
1810,1165,345,Accused
1811,1165,53,Accused
1812,1165,359,Accused
1813,1166,187,Accused
1814,1166,61,Accused
1815,1167,110,Accused
1816,1168,340,Accused
1817,1169,111,Accused
1818,1169,13,Accused
1819,1170,311,Accused
1820,1170,307,Accused
1821,1171,31,Accused
1822,1172,355,Accused
1823,1172,197,Accused
1824,1173,249,Accused
1825,1174,71,Accused
1826,1174,224,Accused
1827,1175,295,Accused
1828,1176,16,Accused
1829,1177,261,Accused
1830,1177,262,Accused
1831,1178,112,Accused
1832,1179,353,Accused
1833,1180,87,Accused
1834,1181,356,Accused
1835,1181,322,Accused
1836,1181,104,Accused
1837,1182,340,Accused
1838,1182,110,Accused
1839,1182,105,Accused
1840,1183,287,Accused
1841,1183,165,Accused
1842,1184,266,Accused
1843,1184,260,Accused
1844,1184,280,Accused
1845,1185,376,Accused
1846,1185,122,Accused
1847,1186,153,Accused
1848,1187,223,Accused
1849,1187,150,Accused
1850,1188,266,Accused
1851,1188,48,Accused
1852,1189,172,Accused
1853,1189,128,Accused
1854,1190,215,Accused
1855,1191,118,Accused
1856,1192,167,Accused
1857,1193,246,Accused
1858,1193,334,Accused
1859,1194,45,Accused
1860,1195,281,Accused
1861,1195,164,Accused
1862,1196,66,Accused
1863,1196,107,Accused
1864,1197,152,Accused
1865,1197,298,Accused
1866,1198,23,Accused
1867,1198,160,Accused
1868,1199,236,Accused
1869,1199,57,Accused
1870,1199,145,Accused
1871,1200,183,Accused
1872,1200,174,Accused
1873,1200,262,Accused
1874,1201,384,Accused
1875,1201,351,Accused
1876,1201,224,Accused
1877,1202,357,Accused
1878,1203,76,Accused
1879,1204,279,Accused
1880,1204,259,Accused
1881,1205,359,Accused
1882,1206,95,Accused
1883,1207,194,Accused
1884,1208,311,Accused
1885,1208,394,Accused
1886,1209,182,Accused
1887,1209,77,Accused
1888,1209,379,Accused
1889,1210,231,Accused
1890,1210,57,Accused
1891,1211,224,Accused
1892,1211,2,Accused
1893,1212,343,Accused
1894,1212,342,Accused
1895,1213,396,Accused
1896,1213,377,Accused
1897,1214,62,Accused
1898,1214,105,Accused
1899,1214,189,Accused
1900,1215,328,Accused
1901,1216,348,Accused
1902,1216,171,Accused
1903,1217,296,Accused
1904,1218,165,Accused
1905,1219,259,Accused
1906,1220,5,Accused
1907,1221,65,Accused
1908,1222,195,Accused
1909,1222,303,Accused
1910,1223,140,Accused
1911,1224,1,Accused
1912,1225,158,Accused
1913,1226,172,Accused
1914,1227,228,Accused
1915,1228,40,Accused
1916,1228,27,Accused
1917,1229,22,Accused
1918,1230,221,Accused
1919,1231,60,Accused
1920,1231,330,Accused
1921,1232,146,Accused
1922,1233,258,Accused
1923,1233,263,Accused
1924,1234,140,Accused
1925,1235,274,Accused
1926,1236,127,Accused
1927,1237,362,Accused
1928,1238,190,Accused
1929,1238,38,Accused
1930,1239,371,Accused
1931,1240,334,Accused
1932,1241,42,Accused
1933,1242,296,Accused
1934,1243,184,Accused
1935,1244,182,Accused
1936,1244,57,Accused
1937,1245,73,Accused
1938,1245,122,Accused
1939,1246,270,Accused
1940,1247,112,Accused
1941,1248,14,Accused
1942,1249,230,Accused
1943,1250,66,Accused
1944,1251,150,Accused
1945,1252,44,Accused
1946,1253,246,Accused
1947,1254,175,Accused
1948,1255,249,Accused
1949,1256,162,Accused
1950,1256,129,Accused
1951,1257,184,Accused
1952,1257,350,Accused
1953,1258,301,Accused
1954,1258,85,Accused
1955,1258,330,Accused
1956,1259,55,Accused
1957,1260,395,Accused
1958,1261,151,Accused
1959,1262,134,Accused
1960,1262,117,Accused
1961,1263,349,Accused
1962,1263,99,Accused
1963,1263,31,Accused
1964,1264,139,Accused
1965,1265,38,Accused
1966,1266,159,Accused
1967,1266,136,Accused
1968,1266,84,Accused
1969,1267,293,Accused
1970,1267,367,Accused
1971,1268,139,Accused
1972,1269,162,Accused
1973,1269,24,Accused
1974,1270,136,Accused
1975,1271,107,Accused
1976,1271,255,Accused
1977,1272,102,Accused
1978,1273,54,Accused
1979,1273,362,Accused
1980,1274,80,Accused
1981,1274,236,Accused
1982,1274,286,Accused
1983,1275,230,Accused
1984,1276,67,Accused
1985,1276,244,Accused
1986,1277,63,Accused
1987,1278,400,Accused
1988,1279,395,Accused
1989,1279,383,Accused
1990,1280,176,Accused
1991,1281,244,Accused
1992,1282,354,Accused
1993,1283,386,Accused
1994,1284,180,Accused
1995,1284,59,Accused
1996,1285,376,Accused
1997,1285,144,Accused
1998,1285,63,Accused
1999,1286,317,Accused
2000,1287,139,Accused
2001,1287,392,Accused
2002,1288,386,Accused
2003,1288,194,Accused
2004,1288,230,Accused
2005,1289,224,Accused
2006,1289,235,Accused
2007,1290,57,Accused
2008,1290,221,Accused
2009,1291,261,Accused
2010,1292,38,Accused
2011,1293,4,Accused
2012,1294,166,Accused
2013,1295,123,Accused
2014,1296,196,Accused
2015,1296,123,Accused
2016,1297,277,Accused
2017,1298,105,Accused
2018,1299,400,Accused
2019,1300,51,Accused
2020,1301,65,Accused
2021,1302,250,Accused
2022,1303,270,Accused
2023,1304,291,Accused
2024,1305,202,Accused
2025,1306,337,Accused
2026,1306,124,Accused
2027,1306,169,Accused
2028,1307,350,Accused
2029,1308,351,Accused
2030,1309,311,Accused
2031,1309,389,Accused
2032,1310,196,Accused
2033,1311,66,Accused
2034,1312,178,Accused
2035,1312,26,Accused
2036,1313,318,Accused
2037,1314,34,Accused
2038,1315,396,Accused
2039,1316,242,Accused
2040,1317,308,Accused
2041,1318,362,Accused
2042,1319,48,Accused
2043,1320,229,Accused
2044,1320,280,Accused
2045,1320,164,Accused
2046,1321,244,Accused
2047,1322,194,Accused
2048,1323,188,Accused
2049,1323,56,Accused
2050,1323,374,Accused
2051,1324,162,Accused
2052,1325,369,Accused
2053,1325,102,Accused
2054,1326,74,Accused
2055,1327,347,Accused
2056,1327,331,Accused
2057,1328,156,Accused
2058,1329,9,Accused
2059,1329,272,Accused
2060,1329,168,Accused
2061,1330,212,Accused
2062,1331,374,Accused
2063,1332,129,Accused
2064,1333,277,Accused
2065,1333,117,Accused
2066,1334,127,Accused
2067,1334,324,Accused
2068,1335,203,Accused
2069,1336,126,Accused
2070,1336,51,Accused
2071,1337,151,Accused
2072,1337,159,Accused
2073,1338,6,Accused
2074,1339,195,Accused
2075,1340,84,Accused
2076,1341,58,Accused
2077,1342,154,Accused
2078,1342,43,Accused
2079,1343,257,Accused
2080,1344,202,Accused
2081,1344,140,Accused
2082,1345,121,Accused
2083,1345,67,Accused
2084,1346,241,Accused
2085,1347,29,Accused
2086,1348,256,Accused
2087,1348,356,Accused
2088,1349,239,Accused
2089,1350,374,Accused
2090,1350,77,Accused
2091,1351,98,Accused
2092,1351,111,Accused
2093,1352,147,Accused
2094,1353,116,Accused
2095,1353,121,Accused
2096,1353,160,Accused
2097,1354,206,Accused
2098,1355,76,Accused
2099,1355,44,Accused
2100,1356,57,Accused
2101,1357,226,Accused
2102,1358,334,Accused
2103,1358,39,Accused
2104,1358,271,Accused
2105,1359,123,Accused
2106,1359,381,Accused
2107,1359,245,Accused
2108,1360,229,Accused
2109,1361,72,Accused
2110,1362,41,Accused
2111,1363,139,Accused
2112,1364,363,Accused
2113,1364,308,Accused
2114,1365,107,Accused
2115,1365,200,Accused
2116,1366,14,Accused
2117,1367,30,Accused
2118,1368,120,Accused
2119,1368,165,Accused
2120,1369,130,Accused
2121,1370,87,Accused
2122,1371,31,Accused
2123,1372,247,Accused
2124,1372,193,Accused
2125,1372,362,Accused
2126,1373,270,Accused
2127,1374,44,Accused
2128,1375,93,Accused
2129,1376,123,Accused
2130,1377,196,Accused
2131,1378,336,Accused
2132,1379,260,Accused
2133,1380,87,Accused
2134,1380,177,Accused
2135,1381,368,Accused
2136,1381,302,Accused
2137,1382,16,Accused
2138,1383,64,Accused
2139,1383,351,Accused
2140,1384,248,Accused
2141,1385,180,Accused
2142,1385,247,Accused
2143,1386,217,Accused
2144,1386,201,Accused
2145,1387,328,Accused
2146,1388,207,Accused
2147,1389,210,Accused
2148,1389,379,Accused
2149,1390,62,Accused
2150,1391,199,Accused
2151,1392,5,Accused
2152,1392,364,Accused
2153,1393,212,Accused
2154,1393,42,Accused
2155,1394,33,Accused
2156,1394,364,Accused
2157,1394,53,Accused
2158,1395,127,Accused
2159,1396,342,Accused
2160,1396,381,Accused
2161,1397,257,Accused
2162,1398,87,Accused
2163,1399,361,Accused
2164,1399,385,Accused
2165,1399,199,Accused
2166,1400,246,Accused
2167,1401,73,Accused
2168,1402,253,Accused
2169,1402,274,Accused
2170,1403,220,Accused
2171,1403,113,Accused
2172,1404,167,Accused
2173,1405,218,Accused
2174,1406,215,Accused
2175,1406,66,Accused
2176,1407,297,Accused
2177,1408,17,Accused
2178,1408,284,Accused
2179,1409,90,Accused
2180,1409,184,Accused
2181,1410,302,Accused
2182,1410,19,Accused
2183,1411,37,Accused
2184,1411,104,Accused
2185,1411,400,Accused
2186,1412,341,Accused
2187,1412,105,Accused
2188,1413,241,Accused
2189,1414,225,Accused
2190,1415,340,Accused
2191,1416,153,Accused
2192,1417,377,Accused
2193,1418,312,Accused
2194,1419,177,Accused
2195,1419,193,Accused
2196,1420,272,Accused
2197,1420,327,Accused
2198,1421,262,Accused
2199,1421,324,Accused
2200,1421,194,Accused
2201,1422,212,Accused
2202,1422,270,Accused
2203,1423,201,Accused
2204,1423,95,Accused
2205,1423,179,Accused
2206,1424,116,Accused
2207,1425,335,Accused
2208,1425,72,Accused
2209,1426,90,Accused
2210,1426,108,Accused
2211,1426,11,Accused
2212,1427,81,Accused
2213,1428,349,Accused
2214,1429,326,Accused
2215,1430,31,Accused
2216,1430,94,Accused
2217,1431,279,Accused
2218,1432,40,Accused
2219,1433,102,Accused
2220,1434,282,Accused
2221,1434,37,Accused
2222,1434,183,Accused
2223,1435,30,Accused
2224,1436,123,Accused
2225,1436,288,Accused
2226,1437,14,Accused
2227,1438,55,Accused
2228,1439,249,Accused
2229,1440,307,Accused
2230,1440,194,Accused
2231,1441,328,Accused
2232,1442,354,Accused
2233,1443,250,Accused
2234,1444,335,Accused
2235,1445,238,Accused
2236,1445,19,Accused
2237,1446,396,Accused
2238,1446,352,Accused
2239,1447,161,Accused
2240,1447,220,Accused
2241,1447,320,Accused
2242,1448,260,Accused
2243,1449,35,Accused
2244,1450,327,Accused
2245,1451,253,Accused
2246,1452,77,Accused
2247,1453,157,Accused
2248,1454,165,Accused
2249,1455,221,Accused
2250,1456,24,Accused
2251,1456,151,Accused
2252,1457,167,Accused
2253,1458,225,Accused
2254,1458,18,Accused
2255,1459,263,Accused
2256,1459,81,Accused
2257,1460,48,Accused
2258,1461,143,Accused
2259,1461,114,Accused
2260,1461,172,Accused
2261,1462,286,Accused
2262,1463,288,Accused
2263,1464,13,Accused
2264,1465,89,Accused
2265,1466,193,Accused
2266,1467,271,Accused
2267,1468,332,Accused
2268,1468,373,Accused
2269,1468,376,Accused
2270,1469,111,Accused
2271,1470,303,Accused
2272,1470,20,Accused
2273,1471,351,Accused
2274,1472,126,Accused
2275,1473,295,Accused
2276,1474,67,Accused
2277,1475,353,Accused
2278,1475,166,Accused
2279,1476,222,Accused
2280,1477,131,Accused
2281,1478,14,Accused
2282,1479,38,Accused
2283,1480,325,Accused
2284,1481,365,Accused
2285,1482,234,Accused
2286,1482,130,Accused
2287,1483,299,Accused
2288,1484,197,Accused
2289,1485,149,Accused
2290,1486,149,Accused
2291,1486,400,Accused
2292,1487,346,Accused
2293,1488,11,Accused
2294,1488,23,Accused
2295,1489,393,Accused
2296,1489,387,Accused
2297,1490,345,Accused
2298,1491,112,Accused
2299,1492,106,Accused
2300,1493,247,Accused
2301,1494,377,Accused
2302,1494,26,Accused
2303,1495,29,Accused
2304,1496,105,Accused
2305,1496,337,Accused
2306,1497,9,Accused
2307,1498,392,Accused
2308,1498,386,Accused
2309,1499,185,Accused
2310,1500,54,Accused
2311,1500,109,Accused
2312,1501,89,Accused
2313,1502,285,Accused
2314,1503,372,Accused
2315,1504,6,Accused
2316,1505,6,Accused
2317,1506,193,Accused
2318,1506,100,Accused
2319,1506,197,Accused
2320,1507,221,Accused
2321,1507,88,Accused
2322,1507,258,Accused
2323,1508,130,Accused
2324,1508,243,Accused
2325,1509,380,Accused
2326,1510,349,Accused
2327,1511,129,Accused
2328,1512,266,Accused
2329,1512,241,Accused
2330,1513,195,Accused
2331,1514,397,Accused
2332,1514,391,Accused
2333,1514,209,Accused
2334,1515,269,Accused
2335,1515,251,Accused
2336,1515,287,Accused
2337,1516,264,Accused
2338,1516,372,Accused
2339,1517,361,Accused
2340,1518,9,Accused
2341,1519,284,Accused
2342,1520,318,Accused
2343,1521,94,Accused
2344,1522,19,Accused
2345,1523,205,Accused
2346,1524,182,Accused
2347,1524,7,Accused
2348,1525,242,Accused
2349,1525,323,Accused
2350,1526,59,Accused
2351,1526,45,Accused
2352,1527,329,Accused
2353,1528,260,Accused
2354,1528,21,Accused
2355,1529,152,Accused
2356,1529,330,Accused
2357,1530,281,Accused
2358,1530,10,Accused
2359,1530,140,Accused
2360,1531,8,Accused
2361,1532,210,Accused
2362,1533,256,Accused
2363,1534,49,Accused
2364,1534,218,Accused
2365,1535,146,Accused
2366,1536,220,Accused
2367,1537,139,Accused
2368,1537,2,Accused
2369,1538,353,Accused
2370,1539,332,Accused
2371,1539,270,Accused
2372,1539,89,Accused
2373,1540,232,Accused
2374,1541,362,Accused
2375,1542,207,Accused
2376,1542,210,Accused
2377,1543,248,Accused
2378,1543,231,Accused
2379,1544,217,Accused
2380,1545,45,Accused
2381,1546,74,Accused
2382,1546,160,Accused
2383,1547,17,Accused
2384,1548,274,Accused
2385,1549,297,Accused
2386,1549,10,Accused
2387,1550,168,Accused
2388,1551,348,Accused
2389,1552,138,Accused
2390,1553,9,Accused
2391,1554,117,Accused
2392,1554,393,Accused
2393,1555,103,Accused
2394,1555,107,Accused
2395,1556,49,Accused
2396,1557,327,Accused
2397,1557,294,Accused
2398,1558,45,Accused
2399,1559,298,Accused
2400,1560,253,Accused
2401,1560,356,Accused
2402,1561,163,Accused
2403,1561,59,Accused
2404,1561,48,Accused
2405,1562,48,Accused
2406,1562,294,Accused
2407,1563,207,Accused
2408,1563,46,Accused
2409,1563,237,Accused
2410,1564,163,Accused
2411,1565,149,Accused
2412,1565,39,Accused
2413,1565,63,Accused
2414,1566,386,Accused
2415,1567,322,Accused
2416,1568,5,Accused
2417,1568,221,Accused
2418,1569,7,Accused
2419,1569,255,Accused
2420,1570,146,Accused
2421,1571,186,Accused
2422,1571,124,Accused
2423,1572,371,Accused
2424,1573,89,Accused
2425,1573,148,Accused
2426,1574,273,Accused
2427,1575,71,Accused
2428,1576,104,Accused
2429,1577,261,Accused
2430,1578,362,Accused
2431,1578,311,Accused
2432,1579,54,Accused
2433,1580,54,Accused
2434,1580,88,Accused
2435,1581,181,Accused
2436,1582,229,Accused
2437,1583,119,Accused
2438,1583,279,Accused
2439,1584,260,Accused
2440,1584,266,Accused
2441,1585,247,Accused
2442,1586,349,Accused
2443,1587,98,Accused
2444,1587,131,Accused
2445,1588,147,Accused
2446,1588,190,Accused
2447,1589,218,Accused
2448,1590,319,Accused
2449,1590,177,Accused
2450,1591,357,Accused
2451,1591,369,Accused
2452,1591,276,Accused
2453,1592,90,Accused
2454,1593,246,Accused
2455,1594,198,Accused
2456,1594,271,Accused
2457,1595,21,Accused
2458,1596,124,Accused
2459,1597,235,Accused
2460,1598,350,Accused
2461,1599,384,Accused
2462,1600,208,Accused
2463,1601,293,Accused
2464,1601,241,Accused
2465,1602,356,Accused
2466,1603,272,Accused
2467,1603,182,Accused
2468,1604,57,Accused
2469,1604,140,Accused
2470,1604,18,Accused
2471,1605,133,Accused
2472,1606,175,Accused
2473,1607,81,Accused
2474,1608,147,Accused
2475,1608,101,Accused
2476,1609,58,Accused
2477,1610,261,Accused
2478,1611,367,Accused
2479,1612,55,Accused
2480,1613,31,Accused
2481,1613,189,Accused
2482,1614,272,Accused
2483,1614,257,Accused
2484,1615,105,Accused
2485,1616,363,Accused
2486,1617,316,Accused
2487,1618,10,Accused
2488,1619,318,Accused
2489,1620,113,Accused
2490,1621,228,Accused
2491,1621,110,Accused
2492,1621,233,Accused
2493,1622,82,Accused
2494,1622,372,Accused
2495,1622,347,Accused
2496,1623,370,Accused
2497,1624,322,Accused
2498,1624,209,Accused
2499,1624,30,Accused
2500,1625,193,Accused
2501,1625,77,Accused
2502,1626,55,Accused
2503,1626,379,Accused
2504,1627,286,Accused
2505,1628,10,Accused
2506,1628,272,Accused
2507,1629,131,Accused
2508,1630,219,Accused
2509,1631,254,Accused
2510,1632,248,Accused
2511,1633,82,Accused
2512,1634,300,Accused
2513,1635,287,Accused
2514,1635,277,Accused
2515,1636,181,Accused
2516,1637,193,Accused
2517,1638,333,Accused
2518,1638,287,Accused
2519,1639,365,Accused
2520,1640,197,Accused
2521,1640,142,Accused
2522,1641,82,Accused
2523,1642,278,Accused
2524,1642,145,Accused
2525,1643,29,Accused
2526,1643,60,Accused
2527,1644,45,Accused
2528,1644,263,Accused
2529,1645,396,Accused
2530,1646,92,Accused
2531,1646,105,Accused
2532,1647,221,Accused
2533,1648,164,Accused
2534,1649,108,Accused
2535,1649,124,Accused
2536,1650,280,Accused
2537,1650,223,Accused
2538,1651,249,Accused
2539,1652,203,Accused
2540,1652,71,Accused
2541,1653,8,Accused
2542,1654,306,Accused
2543,1654,69,Accused
2544,1655,372,Accused
2545,1655,133,Accused
2546,1656,111,Accused
2547,1657,109,Accused
2548,1657,228,Accused
2549,1658,324,Accused
2550,1659,255,Accused
2551,1659,279,Accused
2552,1660,59,Accused
2553,1661,172,Accused
2554,1662,134,Accused
2555,1662,54,Accused
2556,1662,117,Accused
2557,1663,379,Accused
2558,1663,216,Accused
2559,1664,211,Accused
2560,1665,43,Accused
2561,1666,373,Accused
2562,1666,153,Accused
2563,1667,192,Accused
2564,1667,397,Accused
2565,1667,205,Accused
2566,1668,209,Accused
2567,1668,139,Accused
2568,1668,91,Accused
2569,1669,135,Accused
2570,1670,96,Accused
2571,1670,31,Accused
2572,1670,134,Accused
2573,1671,254,Accused
2574,1671,235,Accused
2575,1672,135,Accused
2576,1673,39,Accused
2577,1673,12,Accused
2578,1674,241,Accused
2579,1674,397,Accused
2580,1674,26,Accused
2581,1675,76,Accused
2582,1676,231,Accused
2583,1677,135,Accused
2584,1678,92,Accused
2585,1679,334,Accused
2586,1679,98,Accused
2587,1680,76,Accused
2588,1681,377,Accused
2589,1681,115,Accused
2590,1682,323,Accused
2591,1683,263,Accused
2592,1684,255,Accused
2593,1685,14,Accused
2594,1685,228,Accused
2595,1686,325,Accused
2596,1687,346,Accused
2597,1688,40,Accused
2598,1689,233,Accused
2599,1690,315,Accused
2600,1691,237,Accused
2601,1692,181,Accused
2602,1693,227,Accused
2603,1693,312,Accused
2604,1694,262,Accused
2605,1694,113,Accused
2606,1695,91,Accused
2607,1695,229,Accused
2608,1696,197,Accused
2609,1696,232,Accused
2610,1696,78,Accused
2611,1697,61,Accused
2612,1697,329,Accused
2613,1698,335,Accused
2614,1699,350,Accused
2615,1699,280,Accused
2616,1700,320,Accused
2617,1701,351,Accused
2618,1701,78,Accused
2619,1702,166,Accused
2620,1702,360,Accused
2621,1702,248,Accused
2622,1703,215,Accused
2623,1703,136,Accused
2624,1703,331,Accused
2625,1704,385,Accused
2626,1705,268,Accused
2627,1706,81,Accused
2628,1706,105,Accused
2629,1706,241,Accused
2630,1707,380,Accused
2631,1708,266,Accused
2632,1708,88,Accused
2633,1709,328,Accused
2634,1710,70,Accused
2635,1711,122,Accused
2636,1712,200,Accused
2637,1712,170,Accused
2638,1713,396,Accused
2639,1713,209,Accused
2640,1714,175,Accused
2641,1715,55,Accused
2642,1715,385,Accused
2643,1716,281,Accused
2644,1717,105,Accused
2645,1717,361,Accused
2646,1718,366,Accused
2647,1718,364,Accused
2648,1719,241,Accused
2649,1720,355,Accused
2650,1721,361,Accused
2651,1722,86,Accused
2652,1722,203,Accused
2653,1723,10,Accused
2654,1724,361,Accused
2655,1725,124,Accused
2656,1726,174,Accused
2657,1726,52,Accused
2658,1727,213,Accused
2659,1727,173,Accused
2660,1728,283,Accused
2661,1729,325,Accused
2662,1730,268,Accused
2663,1731,182,Accused
2664,1732,328,Accused
2665,1732,256,Accused
2666,1733,74,Accused
2667,1734,369,Accused
2668,1734,299,Accused
2669,1734,180,Accused
2670,1735,30,Accused
2671,1736,166,Accused
2672,1737,315,Accused
2673,1737,19,Accused
2674,1737,180,Accused
2675,1738,300,Accused
2676,1739,382,Accused
2677,1740,123,Accused
2678,1741,19,Accused
2679,1741,399,Accused
2680,1742,327,Accused
2681,1742,244,Accused
2682,1743,389,Accused
2683,1743,157,Accused
2684,1743,179,Accused
2685,1744,254,Accused
2686,1745,342,Accused
2687,1746,228,Accused
2688,1746,197,Accused
2689,1747,274,Accused
2690,1748,88,Accused
2691,1749,263,Accused
2692,1749,274,Accused
2693,1750,377,Accused
2694,1751,270,Accused
2695,1752,69,Accused
2696,1753,95,Accused
2697,1754,338,Accused
2698,1754,297,Accused
2699,1755,7,Accused
2700,1756,89,Accused
2701,1757,179,Accused
2702,1758,400,Accused
2703,1758,386,Accused
2704,1759,82,Accused
2705,1760,236,Accused
2706,1760,209,Accused
2707,1761,330,Accused
2708,1762,289,Accused
2709,1763,137,Accused
2710,1764,107,Accused
2711,1764,392,Accused
2712,1765,398,Accused
2713,1766,22,Accused
2714,1767,173,Accused
2715,1767,162,Accused
2716,1768,338,Accused
2717,1768,176,Accused
2718,1769,318,Accused
2719,1769,232,Accused
2720,1770,223,Accused
2721,1771,270,Accused
2722,1771,228,Accused
2723,1771,134,Accused
2724,1772,84,Accused
2725,1773,30,Accused
2726,1773,196,Accused
2727,1773,329,Accused
2728,1774,311,Accused
2729,1774,185,Accused
2730,1774,297,Accused
2731,1775,310,Accused
2732,1776,199,Accused
2733,1776,250,Accused
2734,1777,123,Accused
2735,1778,288,Accused
2736,1779,87,Accused
2737,1780,98,Accused
2738,1781,247,Accused
2739,1782,67,Accused
2740,1782,156,Accused
2741,1783,132,Accused
2742,1784,13,Accused
2743,1785,69,Accused
2744,1785,154,Accused
2745,1785,8,Accused
2746,1786,102,Accused
2747,1786,124,Accused
2748,1787,367,Accused
2749,1788,186,Accused
2750,1789,317,Accused
2751,1789,89,Accused
2752,1790,343,Accused
2753,1790,217,Accused
2754,1790,383,Accused
2755,1791,317,Accused
2756,1791,46,Accused
2757,1792,339,Accused
2758,1792,322,Accused
2759,1793,392,Accused
2760,1794,125,Accused
2761,1795,362,Accused
2762,1795,178,Accused
2763,1796,350,Accused
2764,1797,102,Accused
2765,1798,328,Accused
2766,1798,240,Accused
2767,1799,205,Accused
2768,1800,399,Accused
2769,1800,138,Accused
2770,1801,37,Accused
2771,1801,377,Accused
2772,1801,203,Accused
2773,1802,13,Accused
2774,1802,279,Accused
2775,1803,379,Accused
2776,1804,379,Accused
2777,1805,31,Accused
2778,1806,190,Accused
2779,1807,317,Accused
2780,1807,299,Accused
2781,1808,14,Accused
2782,1809,242,Accused
2783,1810,284,Accused
2784,1810,327,Accused
2785,1810,7,Accused
2786,1811,65,Accused
2787,1811,48,Accused
2788,1811,52,Accused
2789,1812,335,Accused
2790,1813,282,Accused
2791,1814,18,Accused
2792,1814,115,Accused
2793,1814,372,Accused
2794,1815,50,Accused
2795,1815,318,Accused
2796,1815,313,Accused
2797,1816,150,Accused
2798,1817,274,Accused
2799,1817,30,Accused
2800,1817,180,Accused
2801,1818,151,Accused
2802,1819,374,Accused
2803,1820,106,Accused
2804,1821,218,Accused
2805,1821,175,Accused
2806,1821,367,Accused
2807,1822,323,Accused
2808,1822,284,Accused
2809,1823,342,Accused
2810,1824,199,Accused
2811,1825,339,Accused
2812,1826,54,Accused
2813,1827,276,Accused
2814,1827,305,Accused
2815,1828,213,Accused
2816,1829,270,Accused
2817,1830,27,Accused
2818,1830,387,Accused
2819,1831,357,Accused
2820,1831,35,Accused
2821,1832,299,Accused
2822,1833,186,Accused
2823,1834,107,Accused
2824,1835,400,Accused
2825,1836,301,Accused
2826,1837,11,Accused
2827,1838,13,Accused
2828,1839,248,Accused
2829,1839,348,Accused
2830,1840,148,Accused
2831,1841,236,Accused
2832,1842,397,Accused
2833,1842,335,Accused
2834,1842,385,Accused
2835,1843,245,Accused
2836,1843,269,Accused
2837,1843,86,Accused
2838,1844,261,Accused
2839,1844,147,Accused
2840,1845,303,Accused
2841,1846,236,Accused
2842,1846,237,Accused
2843,1847,170,Accused
2844,1848,42,Accused
2845,1849,356,Accused
2846,1849,229,Accused
2847,1850,192,Accused
2848,1851,121,Accused
2849,1852,107,Accused
2850,1853,249,Accused
2851,1853,199,Accused
2852,1854,281,Accused
2853,1855,23,Accused
2854,1856,122,Accused
2855,1857,341,Accused
2856,1858,287,Accused
2857,1859,14,Accused
2858,1859,53,Accused
2859,1859,233,Accused
2860,1860,365,Accused
2861,1860,69,Accused
2862,1861,124,Accused
2863,1862,62,Accused
2864,1862,139,Accused
2865,1862,2,Accused
2866,1863,98,Accused
2867,1864,249,Accused
2868,1865,239,Accused
2869,1866,400,Accused
2870,1866,102,Accused
2871,1866,220,Accused
2872,1867,96,Accused
2873,1868,362,Accused
2874,1869,113,Accused
2875,1869,295,Accused
2876,1870,268,Accused
2877,1871,177,Accused
2878,1871,245,Accused
2879,1871,67,Accused
2880,1872,318,Accused
2881,1873,326,Accused
2882,1873,343,Accused
2883,1874,292,Accused
2884,1874,136,Accused
2885,1875,72,Accused
2886,1875,209,Accused
2887,1876,16,Accused
2888,1877,145,Accused
2889,1878,328,Accused
2890,1879,375,Accused
2891,1879,151,Accused
2892,1880,179,Accused
2893,1881,37,Accused
2894,1882,90,Accused
2895,1882,372,Accused
2896,1883,358,Accused
2897,1884,18,Accused
2898,1885,138,Accused
2899,1885,396,Accused
2900,1886,132,Accused
2901,1886,319,Accused
2902,1887,143,Accused
2903,1887,281,Accused
2904,1888,198,Accused
2905,1889,288,Accused
2906,1890,288,Accused
2907,1890,215,Accused
2908,1891,106,Accused
2909,1892,348,Accused
2910,1892,312,Accused
2911,1892,28,Accused
2912,1893,397,Accused
2913,1893,35,Accused
2914,1894,159,Accused
2915,1894,313,Accused
2916,1895,21,Accused
2917,1895,143,Accused
2918,1895,97,Accused
2919,1896,299,Accused
2920,1896,31,Accused
2921,1896,110,Accused
2922,1897,70,Accused
2923,1898,123,Accused
2924,1899,137,Accused
2925,1900,400,Accused
2926,1901,129,Accused
2927,1901,320,Accused
2928,1902,131,Accused
2929,1903,201,Accused
2930,1904,338,Accused
2931,1905,347,Accused
2932,1906,295,Accused
2933,1906,282,Accused
2934,1907,285,Accused
2935,1908,184,Accused
2936,1909,386,Accused
2937,1909,363,Accused
2938,1910,171,Accused
2939,1911,144,Accused
2940,1912,357,Accused
2941,1913,373,Accused
2942,1914,134,Accused
2943,1915,93,Accused
2944,1915,292,Accused
2945,1915,115,Accused
2946,1916,337,Accused
2947,1917,6,Accused
2948,1917,35,Accused
2949,1918,334,Accused
2950,1919,275,Accused
2951,1919,392,Accused
2952,1920,158,Accused
2953,1921,44,Accused
2954,1922,346,Accused
2955,1923,132,Accused
2956,1924,162,Accused
2957,1925,34,Accused
2958,1925,286,Accused
2959,1926,201,Accused
2960,1926,153,Accused
2961,1927,17,Accused
2962,1927,52,Accused
2963,1928,273,Accused
2964,1929,257,Accused
2965,1930,364,Accused
2966,1931,221,Accused
2967,1932,306,Accused
2968,1932,21,Accused
2969,1933,4,Accused
2970,1933,168,Accused
2971,1934,56,Accused
2972,1934,62,Accused
2973,1935,34,Accused
2974,1936,339,Accused
2975,1937,101,Accused
2976,1938,166,Accused
2977,1938,183,Accused
2978,1939,321,Accused
2979,1940,272,Accused
2980,1940,367,Accused
2981,1940,22,Accused
2982,1941,99,Accused
2983,1942,283,Accused
2984,1943,20,Accused
2985,1944,75,Accused
2986,1945,56,Accused
2987,1946,366,Accused
2988,1946,289,Accused
2989,1947,114,Accused
2990,1948,374,Accused
2991,1949,240,Accused
2992,1950,218,Accused
2993,1951,330,Accused
2994,1951,235,Accused
2995,1952,117,Accused
2996,1952,32,Accused
2997,1953,191,Accused
2998,1953,172,Accused
2999,1954,207,Accused
3000,1955,14,Accused
3001,1956,5,Accused
3002,1956,375,Accused
3003,1957,208,Accused
3004,1958,31,Accused
3005,1959,298,Accused
3006,1960,134,Accused
3007,1960,397,Accused
3008,1961,269,Accused
3009,1962,125,Accused
3010,1963,234,Accused
3011,1964,135,Accused
3012,1964,54,Accused
3013,1965,54,Accused
3014,1966,38,Accused
3015,1967,18,Accused
3016,1968,322,Accused
3017,1969,153,Accused
3018,1969,30,Accused
3019,1970,221,Accused
3020,1971,130,Accused
3021,1972,265,Accused
3022,1972,30,Accused
3023,1973,16,Accused
3024,1974,240,Accused
3025,1975,219,Accused
3026,1975,339,Accused
3027,1976,87,Accused
3028,1977,121,Accused
3029,1978,72,Accused
3030,1979,187,Accused
3031,1979,267,Accused
3032,1980,94,Accused
3033,1980,200,Accused
3034,1981,9,Accused
3035,1982,74,Accused
3036,1983,348,Accused
3037,1984,371,Accused
3038,1985,354,Accused
3039,1985,361,Accused
3040,1986,341,Accused
3041,1987,77,Accused
3042,1988,135,Accused
3043,1989,317,Accused
3044,1990,121,Accused
3045,1990,231,Accused
3046,1991,51,Accused
3047,1992,303,Accused
3048,1992,188,Accused
3049,1993,116,Accused
3050,1993,34,Accused
3051,1994,86,Accused
3052,1995,61,Accused
3053,1996,215,Accused
3054,1997,343,Accused
3055,1998,352,Accused
3056,1999,381,Accused
3057,2000,201,Accused
